,sugar to flour ratio,sugar index,bake temp,chill time,calories,pH,grams baking soda,bake time,butter type,weight,chocolate,raisins,oats,nuts,peanut butter,quality_pred
0,0.62,19.25,400.0,41.0,172.0,7.98,0.67,9.7,1,16.6,1,0,0,1,0,7.795490196078431
1,0.35,1.0,520.0,35.0,146.0,8.45,0.44,10.0,1,13.8,1,0,0,0,0,7.9924331628698395
2,0.39,10.4,440.00000000000006,20.0,142.0,8.2,0.53,10.0,1,17.0,1,0,0,0,0,7.5705146414980415
3,0.33,1.1,570.0,21.0,82.0,8.32,0.46,10.9,1,12.4,1,0,1,0,0,8.185429626226021
4,0.37,13.5,600.0,52.0,192.0,8.0,0.44,9.1,1,14.8,1,0,0,0,0,7.491322654249623
5,0.31,5.5,480.0,42.0,173.0,8.19,0.66,9.3,1,12.8,0,1,0,0,0,7.319343367233812
6,0.35,2.3,530.0,36.0,114.0,8.28,0.5,10.2,1,11.6,1,0,0,0,0,7.773695431309624
7,0.88,6.2,490.0,20.0,124.0,7.99,0.51,9.9,1,20.4,1,0,0,1,0,7.540116677440206
8,0.36,7.0,360.00000000000006,45.0,164.0,8.03,0.33,11.0,1,15.0,1,0,0,0,0,7.250149513182467
9,0.32,2.4,480.0,41.0,200.0,8.5,0.5,9.7,1,12.8,1,0,1,0,0,7.877269830111062
10,0.22,7.3,410.0,26.0,157.0,8.44,0.64,9.8,1,12.4,1,0,0,0,0,7.873319539945083
11,0.26,4.8,370.00000000000006,36.0,148.0,8.21,0.41,10.4,1,12.4,0,1,0,0,0,7.442780872655832
12,0.23,6.3,390.0,37.0,143.0,8.19,0.65,10.0,1,12.8,0,1,0,0,0,7.238573344811966
13,0.41,1.3,360.00000000000006,33.0,85.0,8.17,0.51,10.4,1,14.4,1,0,0,0,0,8.008457530210508
14,0.3,1.8,330.0,16.0,91.0,8.28,0.4,11.8,1,12.6,1,0,0,0,0,8.211007448172913
15,0.43,7.8,450.0,27.0,153.0,8.19,0.55,9.0,1,14.8,1,0,0,0,0,7.4124731984550065
16,0.41,15.6,559.9999999999999,75.0,155.0,8.2,0.44,8.8,1,13.4,1,0,1,0,0,8.524672289823009
17,0.33,1.1,500.0,24.0,169.0,8.15,0.78,9.5,1,12.2,0,1,0,0,0,7.197330471897227
18,0.43,2.0,210.0,20.0,69.0,8.08,0.56,12.2,1,14.6,1,0,0,0,0,7.967394743425027
19,0.4,1.5,370.00000000000006,35.0,107.0,8.46,0.5,11.4,1,12.6,1,0,0,0,0,8.068026308190888
20,0.39,1.2,440.00000000000006,26.0,116.0,8.26,0.53,10.3,1,12.6,1,0,1,0,0,7.9825482599105
21,0.34,2.3,450.0,73.5,214.0,8.18,0.61,9.9,1,14.8,1,0,1,0,0,8.452738256384915
22,0.37,1.6,279.99999999999994,24.0,102.0,8.29,0.59,11.6,1,13.4,1,0,0,0,0,8.11634435152594
23,0.53,18.15,470.0,59.0,182.0,8.09,0.52,9.6,1,14.4,1,0,0,0,0,7.680788356764878
24,0.34,8.9,430.0,31.0,172.0,8.22,0.6,9.2,1,13.4,1,0,0,1,0,7.193977189715793
25,0.62,10.8,410.0,70.0,189.0,8.08,0.49,8.6,1,14.4,1,0,0,1,0,6.390147783251232
26,0.29,2.25,370.00000000000006,8.0,210.0,8.19,0.62,9.9,1,13.0,0,1,0,0,0,7.559659427806828
27,0.12,1.3,410.0,62.0,138.0,8.21,0.42,10.0,1,13.4,1,0,0,0,0,7.505853503685831
28,0.65,10.4,500.0,76.0,192.0,8.16,0.42,8.7,1,14.4,1,0,0,1,0,7.044082414651115
29,0.29,7.5,490.0,38.0,158.0,8.43,0.38,9.6,1,14.6,1,0,0,0,0,7.393215642218139
30,0.27,1.9,510.0,52.0,195.0,8.23,0.5,10.9,1,15.6,1,0,0,0,0,7.943845879268604
31,0.33,13.9,460.0,68.0,179.0,8.36,0.5,10.4,1,12.6,1,0,0,0,0,7.984634001838644
32,0.48,14.2,420.0,62.0,204.0,8.06,0.59,9.4,1,14.8,0,1,0,0,0,7.320864384891824
33,0.26,2.7,380.0,39.0,187.0,8.41,0.5,10.8,1,12.0,0,1,0,0,0,8.11717612000524
34,0.34,1.6,320.0,23.0,128.0,8.370000000000001,0.47,11.7,1,13.8,0,1,0,0,0,8.09402106043721
35,0.4,1.2,470.0,54.0,134.0,8.3,0.97,9.8,1,14.2,1,0,1,0,0,8.384191529266971
36,0.36,2.1,340.0,30.0,177.0,8.25,0.4,11.9,1,14.6,1,0,0,0,0,9.319787520576757
37,0.29,1.6,340.0,29.0,118.0,8.3,0.5,11.0,1,14.6,1,0,0,0,0,8.200528225730888
38,0.44,1.9,400.0,9.0,121.0,8.19,0.48,9.9,1,17.6,0,1,0,0,0,6.982882962800505
39,0.32,4.6,570.0,59.0,144.0,8.55,0.44,9.4,1,14.0,1,0,1,0,0,7.754919208388953
40,0.33,1.6,430.0,63.0,149.0,8.44,0.52,10.8,1,13.8,1,0,1,0,0,8.23575507482205
41,0.34,1.3,460.0,6.0,29.0,8.29,0.63,10.4,1,12.0,1,0,0,0,0,7.018797619047619
42,0.39,1.3,550.0,32.0,146.0,8.08,0.39,10.5,1,16.6,1,0,1,0,0,7.7815045007504065
43,0.22,2.8,360.00000000000006,19.0,113.0,8.03,0.29,10.2,1,15.2,0,1,0,0,0,7.2325316308956005
44,0.47,11.2,709.9999999999999,44.0,136.0,7.98,0.88,9.2,1,13.6,0,1,0,0,0,7.241950887730173
45,0.29,7.6,470.0,45.0,232.0,8.35,0.62,10.0,1,12.4,0,1,0,0,0,7.480029318168297
46,0.26,4.1,730.0,36.0,202.0,8.3,0.67,9.5,1,13.4,1,0,0,0,0,7.140187455385947
47,0.34,2.6,370.00000000000006,33.0,125.0,8.1,0.49,11.1,1,15.0,1,0,1,0,0,8.164044200316416
48,0.38,14.8,540.0000000000001,32.0,126.0,8.22,0.5,9.7,1,16.6,1,0,0,0,0,7.814162119333273
49,0.33,4.7,590.0,31.0,118.0,8.43,0.39,9.0,1,13.6,1,0,1,0,0,7.835001221161672
50,0.69,10.2,410.0,58.0,160.0,8.06,0.45,8.6,1,14.6,0,1,0,0,0,6.9930378784949845
51,0.34,8.3,370.00000000000006,33.0,216.0,8.31,0.64,9.7,1,16.2,1,0,0,1,0,7.796291752529946
52,0.32,1.1,310.0,15.0,151.0,8.03,0.41,10.6,1,18.2,1,0,0,0,0,7.850390937788417
53,0.3,4.8,370.00000000000006,37.0,171.0,8.47,0.44,9.0,1,15.8,1,0,1,0,0,7.923606821658642
54,0.29,16.85,540.0000000000001,23.0,135.0,8.16,0.38,9.0,1,15.6,0,1,0,0,0,7.964503354614268
55,0.33,2.0,450.0,31.0,101.0,8.42,0.55,11.4,1,14.8,1,0,0,0,0,7.635919312589819
56,0.46,15.55,370.00000000000006,61.0,171.0,7.939999999999999,0.35,8.8,1,14.0,1,0,0,0,0,7.733426226095686
57,0.16,1.5,490.0,10.0,97.0,8.48,0.44,10.7,1,10.0,0,1,0,0,0,7.6343735475051275
58,0.42,1.15,330.0,18.0,96.0,8.2,0.32,12.4,1,16.6,0,1,0,0,0,8.32068996403207
59,0.37,4.5,300.0,40.0,114.0,8.17,0.54,12.4,1,15.8,1,0,0,1,0,8.760011995113523
60,0.38,6.8,360.00000000000006,64.0,245.0,8.06,0.36,9.3,1,12.4,1,0,0,0,0,7.56310775359521
61,0.33,1.5,470.0,44.0,167.0,8.120000000000001,0.44,10.5,1,13.6,1,0,0,0,0,7.855564188007609
62,0.23,2.0,290.0,13.0,151.0,8.04,0.33,10.4,1,15.2,0,1,0,1,0,7.024126996314496
63,0.32,1.7,320.0,30.0,130.0,8.28,0.41,11.2,1,12.4,0,1,0,0,0,8.136765111998947
64,0.29,5.4,440.00000000000006,31.0,122.0,8.3,0.5,11.1,1,14.8,1,0,0,1,0,8.160363185700366
65,0.26,1.3,450.0,16.0,128.0,8.36,0.6,10.0,1,13.2,1,0,0,0,0,7.791324037519364
66,0.24,14.2,530.0,19.0,94.0,8.17,0.5,9.6,1,13.8,1,0,0,0,0,7.469362070999167
67,0.49,7.1,500.0,67.0,210.0,8.23,0.34,9.5,1,12.6,1,0,0,0,0,7.656483188412846
68,0.49,1.2,610.0,27.0,117.0,8.08,0.34,9.4,1,16.0,1,0,0,0,0,7.363429051102539
69,0.74,4.45,440.00000000000006,33.0,130.0,8.25,0.42,12.2,1,16.6,1,0,0,0,0,8.55167426536286
70,0.49,5.4,480.0,54.0,164.0,8.56,0.44,10.8,1,12.8,1,0,1,0,0,8.02601191061747
71,0.49,3.0,300.0,30.0,96.0,8.129999999999999,0.39,12.3,1,14.2,1,0,0,0,0,8.478524935313779
72,0.24,3.6,570.0,13.0,85.0,7.99,0.48,9.5,1,13.8,1,0,0,0,0,6.550484722484722
73,0.49,1.6,500.0,17.0,131.0,8.129999999999999,0.34,9.4,1,17.8,0,1,0,0,0,7.0759001215419985
74,0.49,1.0,390.0,46.0,131.0,8.09,0.51,10.5,1,18.0,1,0,1,0,0,8.084575296211481
75,0.24,1.8,530.0,6.0,121.0,8.23,0.7,11.4,1,13.8,1,0,0,0,0,7.34
76,0.49,1.0,440.00000000000006,29.0,118.0,8.24,0.36,10.9,1,16.4,1,0,0,0,0,7.746531283283063
77,0.49,1.3,460.0,27.0,142.0,8.09,0.59,10.2,1,15.6,1,0,0,0,0,7.742542266043904
78,0.49,7.7,490.0,53.0,217.0,8.16,0.4,9.3,1,13.2,0,1,0,0,0,7.2029411396394325
79,0.49,1.4,470.0,30.0,114.0,7.92,0.42,10.8,1,13.4,1,0,0,0,0,7.65572705971972
80,0.46,15.4,590.0,32.0,177.0,8.27,0.58,9.0,1,16.2,1,0,0,0,0,7.654871494692814
81,0.34,5.9,550.0,33.0,128.0,7.95,0.51,11.8,1,17.6,0,1,0,0,0,8.041933916754948
82,0.2,6.6,450.0,42.0,170.0,8.36,0.45,10.4,1,12.4,0,1,0,0,0,7.436271876775012
83,0.28,14.4,550.0,55.0,205.0,8.120000000000001,0.38,9.0,1,14.4,1,0,0,0,0,8.760357391632626
84,0.26,1.55,410.0,118.5,216.0,8.55,0.63,9.4,1,13.4,1,0,0,0,0,7.878085316077651
85,0.3,4.2,400.0,41.0,213.0,8.28,0.49,11.8,1,14.0,1,0,0,0,0,8.422005148766255
86,0.3,4.2,400.0,41.0,213.0,8.28,0.49,11.8,1,14.0,1,0,0,0,0,8.422005148766255
87,0.3,1.8,430.0,25.0,121.0,8.44,0.61,10.2,1,13.4,1,0,0,0,0,8.005770608842008
88,0.36,11.1,330.0,43.0,208.0,8.14,0.46,10.3,1,15.8,1,0,0,0,0,7.952530938308487
89,0.34,1.6,400.0,43.0,148.0,8.32,0.59,11.5,1,13.0,1,0,1,0,0,9.395515984692908
90,0.31,6.0,460.0,29.0,108.0,8.26,0.5,10.8,1,14.0,1,0,0,0,0,7.931814072934461
91,0.33,1.7,500.0,28.0,178.0,8.16,0.43,9.0,1,18.6,1,0,0,0,0,7.404203829182369
92,0.48,2.7,520.0,24.0,190.0,8.5,0.45,10.9,1,16.4,1,0,1,0,0,8.12554531173907
93,0.44,14.5,450.0,68.0,212.0,8.48,0.36,10.0,1,15.2,1,0,0,1,0,7.731805555555556
94,0.3,1.1,310.0,40.0,99.0,7.939999999999999,0.3,10.4,1,18.4,1,0,0,0,0,7.802441487455196
95,0.3,9.6,570.0,50.0,185.0,8.39,0.38,9.6,1,13.8,1,0,1,0,0,7.791424078543393
96,0.29,4.8,500.0,33.0,87.0,8.14,0.42,9.9,1,15.0,1,0,0,0,0,7.957768295158329
97,0.28,2.5,460.0,40.0,153.0,8.379999999999999,0.51,11.4,1,13.4,1,0,1,0,0,8.287903512551312
98,0.3,10.9,370.00000000000006,18.0,112.0,8.4,0.5,9.6,1,14.6,1,0,0,0,0,7.798326924599077
99,0.22,1.7,510.0,50.0,179.0,8.28,0.69,8.9,1,14.8,0,1,0,0,0,7.112252412047386
100,0.28,4.5,460.0,33.0,102.0,8.16,0.56,12.2,1,15.4,1,0,0,1,0,8.752519521784556
101,0.35,14.0,690.0000000000001,42.0,163.0,8.56,0.47,9.8,1,13.2,1,0,0,0,0,7.8148095664207275
102,0.36,1.8,340.0,43.0,150.0,8.42,0.69,11.0,1,12.8,1,0,1,0,0,9.361215658042477
103,0.26,9.25,340.0,73.0,142.0,8.05,0.37,11.4,1,17.0,1,0,0,0,0,8.126977624993618
104,0.27,9.05,390.0,37.0,128.0,8.27,0.34,11.3,1,13.8,1,0,0,0,0,8.79260612062743
105,0.21,7.1,400.0,35.0,162.0,8.39,0.58,9.9,1,12.8,1,0,0,0,0,8.02035118792589
106,0.22,10.2,490.0,57.0,191.0,8.08,0.4,9.3,1,15.2,0,1,0,0,0,7.027938812701013
107,0.21,1.5,490.0,39.0,184.0,8.18,0.41,9.9,1,13.2,0,1,0,0,0,7.173147464873718
108,0.23,6.3,510.0,35.0,240.0,8.36,0.54,10.0,1,14.6,1,0,1,0,0,7.783038545382445
109,0.24,15.1,300.0,34.0,153.0,8.129999999999999,0.51,12.0,1,14.8,1,0,0,1,0,8.873627840200038
110,0.33,1.0,540.0000000000001,24.0,164.0,8.42,0.51,10.5,1,13.8,1,0,1,0,0,8.043424253519014
111,0.2,11.5,490.0,44.0,157.0,8.27,0.44,9.0,1,14.8,1,0,0,1,0,7.085185041741536
112,0.42,1.6,559.9999999999999,34.0,181.0,8.11,0.46,10.0,1,20.0,0,1,1,0,0,7.085385472141845
113,0.3,7.8,490.0,57.0,202.0,8.24,0.39,9.5,1,13.2,1,0,0,0,0,7.420563952700118
114,0.4,17.85,490.0,50.0,185.0,8.34,0.42,9.6,1,14.4,1,0,0,0,0,7.466282650304452
115,0.42,14.3,450.0,45.0,213.0,8.18,0.63,9.2,1,15.4,0,1,0,0,0,7.059102844674217
116,0.33,10.3,390.0,73.0,212.0,7.93,0.49,9.5,1,15.8,1,0,0,0,0,7.851439246098444
117,0.33,10.3,390.0,73.0,212.0,7.93,0.49,9.5,1,15.8,1,0,0,0,0,7.851439246098444
118,0.36,5.7,380.0,26.0,98.0,7.93,0.59,12.5,1,14.4,0,1,0,0,0,9.040611039220638
119,0.3,2.1,490.0,21.0,153.0,8.09,0.5,9.6,1,16.6,1,0,0,0,0,7.406371896160024
120,0.26,1.3,410.0,20.0,71.0,8.04,0.74,9.9,1,14.2,1,0,1,0,0,7.818981372946555
121,0.34,9.3,620.0,40.0,126.0,8.21,0.39,9.6,1,15.2,1,0,1,0,0,7.527845326564176
122,0.27,1.7,279.99999999999994,10.0,59.0,7.9700000000000015,0.48,10.4,1,16.4,0,1,0,0,0,6.9103125
123,0.36,1.6,400.0,25.0,87.0,8.23,0.66,10.3,1,13.6,1,0,0,0,0,7.888085125831577
124,0.27,4.6,800.0,34.0,172.0,8.23,0.39,11.1,1,14.6,1,0,1,0,0,7.799375078404942
125,0.35,1.2,310.0,27.0,84.0,8.33,0.34,9.9,1,14.4,1,0,1,0,0,7.927381977594665
126,0.32,7.6,520.0,35.0,143.0,8.14,0.38,9.0,1,13.6,0,1,0,0,0,7.10343177984529
127,0.3,7.8,490.0,39.0,152.0,7.99,0.58,10.0,1,16.2,1,0,0,0,0,7.8844840092257025
128,0.42,1.1,510.0,61.0,197.0,8.02,0.4,9.0,1,11.4,1,0,0,1,0,7.104338392871015
129,0.31,1.4,460.0,37.0,135.0,8.34,0.57,10.2,1,14.4,1,0,1,0,0,8.086499058215532
130,0.46,1.4,460.0,34.0,185.0,8.02,0.49,10.2,1,19.8,0,0,0,0,1,7.108414040220908
131,0.38,4.3,440.00000000000006,49.0,172.0,8.370000000000001,0.74,10.8,1,16.2,1,0,0,0,0,8.824897069105834
132,0.13,17.2,360.00000000000006,49.0,219.0,7.96,0.46,9.7,1,16.0,1,0,0,0,0,7.264679040701693
133,0.31,1.0,240.0,13.0,91.0,7.79,0.37,10.1,1,17.0,1,0,1,0,0,7.285374149659865
134,0.42,6.9,460.0,50.0,173.0,8.19,0.46,9.0,1,13.6,0,1,0,0,0,7.165432999503207
135,0.3,3.2,300.0,49.0,164.0,8.53,0.79,11.7,1,12.6,1,0,0,1,0,8.81186095803504
136,0.5,12.8,420.0,57.0,184.0,8.09,0.46,9.0,1,15.0,0,1,0,0,0,7.129776835274263
137,0.3,14.2,559.9999999999999,53.0,212.5,8.14,0.46,8.9,1,15.2,1,0,0,0,0,9.847177518010445
138,0.33,14.6,430.0,47.0,168.0,8.34,0.67,8.8,1,14.0,1,0,0,0,0,8.131754971382298
139,0.33,14.6,430.0,47.0,168.0,8.34,0.67,8.8,1,14.0,1,0,0,0,0,8.131754971382298
140,0.3,8.1,260.0,14.0,71.0,7.939999999999999,0.36,11.8,1,18.0,0,1,0,1,0,7.9090357142857135
141,0.3,8.1,260.0,14.0,71.0,7.939999999999999,0.36,11.8,1,18.0,0,1,0,1,0,7.9090357142857135
142,0.35,0.6,420.0,11.0,71.0,8.08,0.38,10.6,1,17.4,1,0,0,0,0,7.623066704839781
143,0.27,4.8,279.99999999999994,22.0,104.0,8.34,0.45,9.2,1,11.2,1,0,1,0,0,7.351518441247212
144,0.43,9.2,460.0,22.0,126.0,8.379999999999999,0.47,9.3,1,16.6,0,1,0,0,0,7.6712472649033945
145,0.44,6.6,520.0,28.0,156.0,8.14,0.41,9.6,1,13.6,0,1,0,0,0,7.16336389308238
146,0.27,18.15,420.0,41.0,146.0,8.3,0.36,8.7,1,13.6,1,0,0,0,0,7.106820758655224
147,0.31,4.9,310.0,20.0,151.0,8.36,0.82,12.0,1,13.4,0,1,0,0,0,8.810555080063663
148,0.33,1.8,360.00000000000006,23.0,96.0,8.32,0.4,10.8,1,13.4,1,0,0,0,0,8.252168596127772
149,0.25,1.6,300.0,25.0,126.0,8.22,0.34,12.1,1,14.2,0,1,0,0,0,8.465154063182156
150,0.3,1.3,570.0,25.0,173.0,8.26,0.51,9.1,1,14.6,0,1,0,0,0,7.158716797192414
151,0.26,5.2,400.0,31.0,140.0,8.26,0.68,9.5,1,13.0,1,0,1,0,0,8.085535424638701
152,0.27,5.6,430.0,43.0,164.0,8.27,0.76,9.5,1,13.2,1,0,0,0,0,7.794628993735128
153,0.19,8.0,440.00000000000006,51.0,172.0,8.16,0.44,9.2,1,14.4,1,0,0,0,0,7.192276666697508
154,0.19,7.7,450.0,53.0,176.0,8.17,0.38,9.5,1,14.4,1,0,0,0,0,7.136911341800982
155,0.4,8.9,480.0,33.0,146.0,8.4,0.46,9.3,1,16.8,1,0,0,0,0,7.815228365998324
156,0.31,10.7,380.0,59.0,186.0,8.120000000000001,0.55,9.5,1,15.4,1,0,0,0,0,7.825788442458082
157,0.25,17.1,500.0,44.0,138.0,8.3,0.37,8.8,1,13.0,1,0,0,0,0,7.054943847304003
158,0.32,3.1,410.0,18.0,126.0,8.43,0.42,12.0,1,12.8,1,0,0,0,0,8.410550244593228
159,0.28,4.9,350.00000000000006,36.0,109.0,8.19,0.58,12.2,1,15.4,0,1,0,0,0,8.878026542563909
160,0.27,2.1,300.0,22.0,162.0,7.99,0.68,11.9,1,16.6,1,0,0,0,0,8.162237707086595
161,0.26,7.1,540.0000000000001,41.0,224.0,8.379999999999999,0.55,10.1,1,14.4,1,0,1,0,0,7.655813867989374
162,0.52,13.2,470.0,64.0,179.0,8.1,0.46,9.0,1,15.0,1,0,0,0,0,7.524941071232291
163,0.32,2.7,370.00000000000006,18.0,89.0,8.4,0.74,11.5,1,13.0,1,0,1,0,0,8.597080694084514
164,0.31,10.0,540.0000000000001,49.0,165.0,8.4,0.42,9.9,1,14.4,1,0,0,0,0,7.851727574399911
165,0.35,15.3,559.9999999999999,31.0,117.0,8.27,0.5,9.6,1,15.4,1,0,0,0,0,7.30800883565534
166,0.33,2.1,520.0,15.0,76.0,8.2,0.41,10.6,1,14.0,1,0,0,0,0,7.6194839921704265
167,0.39,1.9,540.0000000000001,23.0,91.0,8.27,0.45,10.3,1,15.0,1,0,1,0,0,7.736220530367767
168,0.45,8.6,520.0,34.0,187.0,8.120000000000001,0.59,10.2,1,19.6,0,1,1,0,0,7.275117924286507
169,0.28,18.8,279.99999999999994,55.0,130.0,7.96,0.35,11.6,1,16.8,1,0,0,0,0,8.33074609586955
170,0.3,12.8,530.0,48.5,229.0,8.14,0.49,9.1,1,14.8,1,0,1,0,0,8.962322262407072
171,0.25,3.8,440.00000000000006,30.0,114.0,8.11,0.4,11.0,1,14.8,1,0,0,0,0,7.9241466244841785
172,0.24,6.6,400.0,38.0,141.0,8.22,0.47,9.5,1,12.6,0,1,0,0,0,7.2847775987789785
173,0.35,10.7,370.00000000000006,34.0,145.0,8.09,0.32,9.7,1,18.4,1,0,0,0,0,7.666542226342899
174,0.26,1.1,370.00000000000006,20.0,71.0,8.1,0.38,11.7,1,14.0,1,0,0,0,0,7.610719024080121
175,0.35,1.5,390.0,24.0,125.0,8.17,0.64,12.2,1,14.0,0,1,0,0,0,8.297027148573358
176,0.29,1.4,470.0,23.0,107.0,8.52,0.65,10.4,1,14.8,1,0,1,0,0,8.426088376036585
177,0.34,13.8,410.0,32.0,161.0,8.129999999999999,0.4,9.9,1,17.0,1,0,0,0,0,7.9733857337896525
178,0.28,10.8,510.0,25.0,157.0,8.06,0.47,11.4,1,16.0,1,0,0,1,0,8.09748992186837
179,0.35,9.2,340.0,42.0,150.0,8.21,0.36,11.5,1,13.8,1,0,0,0,0,8.599669769440846
180,0.31,2.8,540.0000000000001,16.0,89.0,7.96,0.45,9.5,1,16.8,1,0,0,0,0,7.171911364631058
181,0.35,1.6,490.0,10.0,164.0,8.35,0.51,9.7,1,13.0,0,1,0,0,0,7.492249453055904
182,0.42,8.5,480.0,10.0,147.0,8.32,0.46,9.5,1,13.8,1,0,0,1,0,7.625584900393724
183,0.18,8.2,420.0,41.0,180.0,8.16,0.49,9.1,1,14.4,1,0,0,0,0,7.170588126904144
184,0.19,7.8,400.0,48.0,184.0,8.16,0.5,9.4,1,14.2,1,0,0,0,0,7.1091477162291925
185,0.2,14.9,600.0,37.0,162.0,8.129999999999999,0.45,9.0,1,12.8,0,1,0,0,0,6.552987807667875
186,0.29,1.7,470.0,16.0,100.0,8.28,0.45,10.6,1,14.8,1,0,0,0,0,7.543512020577881
187,0.18,7.7,480.0,45.0,186.0,8.23,0.47,9.0,1,12.6,1,0,0,0,0,7.083932685849686
188,0.54,17.3,600.0,46.0,235.0,8.08,0.61,8.8,1,18.4,0,1,0,0,0,7.315235680686616
189,0.35,1.4,390.0,24.0,128.0,7.9700000000000015,0.68,10.4,1,14.2,1,0,1,0,0,8.23846457449557
190,0.54,1.4,1570.0,34.0,132.0,8.11,0.53,9.0,1,14.4,0,1,0,0,0,7.627848660759854
191,0.21,15.7,559.9999999999999,49.0,159.0,8.11,0.48,9.0,1,13.8,0,1,0,0,0,7.000326019631797
192,0.3,1.3,330.0,25.0,91.0,8.53,0.39,10.6,1,14.8,1,0,1,0,0,8.456242847465383
193,0.52,1.3,1480.0000000000002,45.0,149.0,8.08,0.56,8.7,1,14.2,1,0,0,1,0,7.361071228807963
194,0.25,1.3,470.0,20.0,77.0,8.61,0.54,10.2,1,12.8,1,0,1,0,0,7.87344453599887
195,0.22,1.3,460.0,18.0,66.0,8.61,0.55,10.3,1,12.6,1,0,1,0,0,7.922270216288718
196,0.26,15.6,490.0,67.0,210.0,8.06,0.68,9.5,1,14.8,0,1,0,0,0,7.053808387182246
197,0.26,15.6,490.0,67.0,210.0,8.06,0.68,9.5,1,14.8,0,1,0,0,0,7.053808387182246
198,0.28,6.5,370.00000000000006,26.0,97.0,8.16,0.58,12.6,1,14.6,1,0,0,1,0,9.006852735623522
199,0.28,2.7,470.0,38.0,150.0,8.1,0.56,10.8,1,17.2,1,0,1,0,0,8.060340616650363
200,0.42,10.6,420.0,66.0,202.0,8.24,0.53,9.5,1,13.0,1,0,0,0,0,7.631425338101343
201,0.18,3.5,270.00000000000006,23.0,109.0,8.34,0.54,12.8,1,12.6,1,0,0,1,0,8.770314888630942
202,0.33,2.3,430.0,28.0,125.0,8.34,0.44,12.6,1,14.6,0,1,0,0,0,8.971154600771824
203,0.2,1.4,600.0,15.0,168.0,8.06,0.4,9.4,1,15.0,1,0,0,1,0,7.063694542891544
204,0.3,5.0,400.0,40.0,143.0,8.33,0.42,12.2,1,14.0,0,1,0,0,0,8.419657989583051
205,0.55,14.6,530.0,34.0,159.0,7.93,0.44,9.2,1,13.6,1,0,0,0,0,7.2492976882357585
206,0.62,10.6,450.0,51.0,153.0,8.16,0.44,8.8,1,15.0,1,0,0,0,0,7.045970832738572
207,0.35,9.8,670.0,61.0,180.0,8.15,0.57,9.0,1,13.0,1,0,0,0,0,7.560158649336097
208,0.22,13.3,480.0,46.0,212.0,8.47,0.59,10.0,1,15.8,0,1,0,0,0,7.264870985801508
209,0.29,1.7,350.00000000000006,39.0,144.0,8.49,0.5,10.5,1,13.0,1,0,1,0,0,8.40968029923151
210,0.26,12.6,530.0,44.0,182.0,8.42,0.42,9.7,1,13.4,1,0,0,0,0,7.374983262127813
211,0.73,7.2,990.0,47.0,202.0,8.21,0.43,9.2,1,12.4,1,0,0,1,0,7.153890717931835
212,0.18,3.0,360.00000000000006,5.0,85.0,8.28,0.4,11.5,1,12.0,0,1,0,0,0,6.63
213,0.34,1.5,910.0,42.0,135.0,8.25,0.49,9.6,1,12.8,1,0,1,0,0,7.853426717070506
214,0.25,17.75,470.0,25.0,218.0,7.98,0.66,9.1,1,16.8,0,1,0,0,0,7.484064169789181
215,0.42,2.0,470.0,16.0,104.0,8.09,0.66,10.0,1,18.4,1,0,1,0,0,7.4754735488831265
216,0.49,2.0,440.00000000000006,18.0,107.0,8.1,0.53,10.2,1,18.4,1,0,1,0,0,7.6281308083128705
217,0.28,8.2,380.0,72.0,202.0,8.120000000000001,0.56,10.0,1,16.0,1,0,0,0,0,7.663924908862891
218,0.41,19.35,700.0000000000001,67.0,207.0,8.39,0.53,9.1,1,12.2,0,1,0,0,0,7.471165501165501
219,0.18,7.7,960.0,28.0,210.0,8.56,0.72,9.2,1,12.4,1,0,0,1,0,7.3533333333333335
220,0.18,7.7,960.0,28.0,210.0,8.56,0.72,9.2,1,12.4,1,0,0,1,0,7.3533333333333335
221,0.17,8.3,420.0,61.0,195.0,8.22,0.46,9.4,1,12.8,1,0,0,0,0,7.2048537278032905
222,0.17,8.4,440.00000000000006,60.0,198.0,8.21,0.47,9.4,1,12.8,1,0,0,0,0,7.121335621115016
223,0.27,17.5,450.0,48.0,253.0,8.02,0.56,9.1,1,16.6,1,0,0,0,0,7.941286147424531
224,0.35,5.6,340.0,9.0,148.0,8.17,0.5,9.8,1,12.8,0,1,0,0,0,7.5674353539348544
225,0.34,2.6,510.0,40.5,210.0,8.15,0.61,10.0,1,13.2,0,1,0,0,0,7.198571461653689
226,0.26,8.2,420.0,21.0,133.0,8.43,0.64,9.8,1,13.0,1,0,0,0,0,7.727897755290757
227,0.15,10.0,370.00000000000006,38.0,157.0,8.28,0.52,9.4,1,13.2,0,1,0,1,0,7.119273133081465
228,0.36,7.4,370.00000000000006,36.0,156.0,8.19,0.54,10.6,1,16.2,0,1,0,0,0,7.8249706615408785
229,0.23,10.3,320.0,12.0,97.0,8.129999999999999,0.4,10.7,1,17.6,1,0,0,0,0,7.458594275255499
230,0.21,15.55,430.0,20.0,142.0,8.11,0.54,10.1,1,12.0,1,0,0,0,0,7.18947750119576
231,0.24,5.3,750.0,49.0,201.0,8.21,0.43,9.5,1,12.0,1,0,0,0,0,7.132970163197062
232,0.23,12.7,540.0000000000001,20.0,139.0,8.16,0.5,9.7,1,15.2,0,1,0,0,0,6.605309890288051
233,0.36,18.1,460.0,32.0,133.0,8.27,0.48,8.8,1,13.6,1,0,0,0,0,7.102096803783179
234,0.4,6.4,390.0,39.0,191.0,8.14,0.52,9.8,1,12.8,0,1,0,0,0,7.536665316188215
235,0.31,5.2,320.0,36.0,140.0,8.35,0.47,12.3,1,14.2,0,1,0,0,0,8.935450883687746
236,0.3,4.7,290.0,34.0,148.0,8.36,0.49,12.3,1,13.8,0,1,0,0,0,8.99846405264057
237,0.29,11.3,340.0,61.0,224.0,8.14,0.56,9.5,1,14.6,0,1,0,1,0,7.945343807364887
238,0.33,1.4,290.0,35.0,138.0,8.36,0.6,11.5,1,13.0,1,0,1,0,0,8.846179056615158
239,0.3,1.7,430.0,19.0,95.0,8.17,0.46,10.7,1,13.6,1,0,0,0,0,7.660605873291592
240,0.14,8.6,320.0,30.0,142.0,8.28,0.44,9.5,1,11.8,1,0,0,0,0,7.739946409620931
241,0.34,12.1,300.0,34.0,177.0,8.129999999999999,0.47,10.6,1,18.0,1,0,0,0,0,8.115114744985732
242,0.25,17.3,460.0,15.0,110.0,8.15,0.42,9.2,1,13.0,1,0,0,0,0,7.408722585091347
243,0.14,4.8,520.0,27.0,128.0,8.21,0.48,9.4,1,12.4,0,1,0,0,0,7.129878837709611
244,0.64,12.9,330.0,54.0,170.0,8.0,0.53,8.8,1,15.2,1,0,0,0,0,7.53944040214613
245,0.16,14.9,480.0,59.0,240.0,8.129999999999999,0.45,8.9,1,14.6,0,1,0,0,0,7.218107766819072
246,0.36,7.0,430.0,60.0,207.0,8.16,0.49,9.6,1,13.6,1,0,0,0,0,7.634733304697265
247,0.24,8.6,340.0,25.0,135.0,8.33,0.59,10.3,1,13.2,1,0,0,0,0,7.829053034193945
248,0.42,10.4,380.0,85.0,182.0,8.04,0.44,8.9,1,13.4,1,0,1,0,0,7.907391124288374
249,0.4,10.0,390.0,74.0,227.0,8.18,0.5,9.4,1,13.0,1,0,0,0,0,7.432714117604546
250,0.26,18.95,530.0,36.0,174.0,8.2,0.5,10.4,1,15.4,0,1,0,0,0,7.609955940354386
251,0.3,12.8,620.0,19.0,171.0,8.0,0.52,9.0,1,13.6,1,0,1,0,0,8.988810344827586
252,0.1,1.4,680.0,25.0,154.0,8.2,0.48,9.7,1,14.4,1,0,1,1,0,6.556995877118123
253,0.32,8.2,240.0,53.0,209.0,8.120000000000001,0.46,10.8,1,15.0,1,0,0,0,0,7.883793729585023
254,0.46,11.1,530.0,44.0,177.0,8.18,0.67,9.4,1,12.6,1,0,0,0,0,7.2608088564211695
255,0.41,14.2,390.0,47.0,129.0,8.28,0.72,10.3,1,13.0,1,0,1,0,0,8.906901839104437
256,0.28,20.4,410.0,40.0,144.0,8.14,0.38,8.7,1,13.0,1,0,0,0,0,7.507591792108874
257,0.52,10.1,500.0,29.0,140.0,8.07,0.4,9.4,1,13.2,0,1,0,0,0,7.261259978977696
258,0.0,1.3,440.00000000000006,72.0,197.0,8.56,0.43,10.9,1,11.6,1,0,1,1,0,8.15534849058987
259,0.36,1.2,460.0,9.0,71.0,8.7,0.68,10.9,1,11.4,1,0,1,0,0,6.96
260,0.31,2.3,180.00000000000003,45.0,80.0,8.06,0.34,12.9,1,14.6,1,0,0,0,0,8.539775279255323
261,0.22,5.95,810.0,76.0,303.0,8.4,0.57,9.4,1,13.8,1,0,0,1,0,7.13344262295082
262,0.34,6.6,670.0,35.0,156.0,8.11,0.48,9.3,1,13.4,0,1,0,0,0,7.373473020155532
263,0.34,6.6,300.0,36.0,91.0,8.32,0.45,12.5,1,12.4,1,0,0,0,0,8.862801841084451
264,0.25,1.6,360.00000000000006,28.0,143.0,8.3,0.54,10.3,1,13.4,1,0,0,0,0,8.06990344629426
265,0.32,1.2,240.0,20.0,166.0,8.05,0.54,9.8,1,13.8,0,1,0,0,0,7.79618811725359
266,0.36,16.3,380.0,43.0,133.0,8.26,0.41,8.8,1,13.0,1,0,0,0,0,7.149544545819848
267,0.34,13.7,440.00000000000006,66.0,184.0,8.22,0.75,8.9,1,15.6,1,0,0,0,0,7.235387376145698
268,0.29,1.1,279.99999999999994,18.0,69.0,8.24,0.54,10.0,1,10.4,1,0,0,0,0,7.689220907062017
269,0.31,6.5,290.0,53.0,160.0,8.03,0.38,10.9,1,15.0,1,0,1,0,0,8.010868906804362
270,0.27,5.2,300.0,32.0,101.0,8.22,0.62,12.3,1,15.2,1,0,0,1,0,9.151913751263747
271,0.32,16.4,450.0,62.0,153.0,8.22,0.42,10.5,1,13.8,1,0,0,0,0,7.725390229997803
272,0.28,12.4,510.0,86.0,213.0,8.16,0.51,9.9,1,13.0,0,1,0,0,0,7.384138336044871
273,0.34,2.6,490.0,13.0,135.0,8.09,0.51,10.0,1,15.8,0,1,0,1,0,7.121580298300822
274,0.28,4.8,340.0,25.0,100.0,8.08,0.47,12.4,1,13.6,0,1,0,0,0,8.69158291177615
275,0.19,12.3,480.0,54.0,145.0,8.16,0.42,9.3,1,12.6,1,0,0,0,0,7.332956442758261
276,0.33,11.8,570.0,48.0,127.0,8.1,0.55,10.0,1,14.6,1,0,0,0,0,8.0561509589839
277,0.34,1.8,450.0,96.0,170.0,8.379999999999999,0.9,11.8,1,11.6,1,0,1,0,0,8.896542857142856
278,0.36,1.4,360.00000000000006,38.0,108.0,8.19,0.66,12.0,1,13.6,1,0,1,0,0,8.315520035203866
279,0.3,6.6,250.0,15.0,138.0,8.18,0.46,12.6,1,14.2,1,0,0,1,0,8.639058571053004
280,0.34,11.8,590.0,42.0,240.0,8.17,0.52,10.0,1,17.2,0,1,0,0,0,7.283573412414999
281,0.35,5.8,550.0,25.0,144.0,8.24,0.54,10.2,1,15.4,1,0,1,0,0,7.923472016204512
282,0.15,1.3,600.0,51.0,154.0,8.14,0.51,8.7,1,12.0,1,0,0,0,0,7.579947990897233
283,0.34,1.2,480.0,4.0,119.0,8.18,0.34,12.1,1,15.4,0,1,0,0,0,7.790384615384616
284,0.29,10.8,279.99999999999994,17.0,118.0,8.18,0.37,11.2,1,12.8,1,0,0,0,0,8.352535227245143
285,0.36,1.9,430.0,24.0,111.0,8.29,0.54,11.3,1,15.2,1,0,0,0,0,8.104622007803421
286,0.6,65.8,740.0000000000001,8.0,160.0,8.39,0.69,11.7,1,15.6,0,1,1,0,0,6.9
287,0.25,20.2,830.0,35.0,157.0,8.17,0.5,9.1,1,12.8,1,0,0,0,0,7.111119061277854
288,0.3,2.2,330.0,39.0,107.0,8.22,0.53,13.5,1,13.0,0,1,0,0,0,8.9235161969876
289,0.53,10.1,530.0,37.0,151.0,8.07,0.4,9.4,1,13.6,0,1,0,0,0,7.1530999240325706
290,0.32,14.0,310.0,16.0,99.0,8.26,0.38,11.5,1,11.0,1,0,1,0,0,8.516257736725656
291,0.26,1.6,400.0,36.0,123.0,8.34,0.44,10.8,1,14.6,1,0,0,0,0,8.93942812582352
292,0.71,11.8,380.0,52.0,148.0,8.03,0.46,8.9,1,15.0,1,0,1,0,0,7.904774387567589
293,0.72,9.6,390.0,53.0,151.0,8.03,0.46,8.9,1,15.0,1,0,1,0,0,7.856633224450636
294,0.48,6.1,420.0,60.0,184.0,8.2,0.5,9.4,1,14.0,1,0,0,0,0,7.437207788909301
295,0.31,2.7,490.0,25.0,153.0,8.44,0.73,12.2,1,11.6,0,1,0,0,0,8.928250922739743
296,0.31,3.6,250.0,22.0,100.0,7.99,0.47,12.1,1,15.6,1,0,0,0,0,8.419360164279318
297,0.47,10.6,520.0,69.0,148.0,7.91,0.34,9.3,1,12.0,1,0,1,0,0,7.681591508813285
298,0.46,6.2,559.9999999999999,42.0,241.0,8.5,0.6,9.9,1,13.2,1,0,0,1,0,7.653964182377585
299,0.34,11.6,500.0,59.0,140.0,8.22,0.4,10.8,1,13.2,1,0,0,0,0,7.581231284052236
300,0.28,3.4,480.0,22.0,112.0,8.21,0.37,11.3,1,14.4,1,0,0,1,0,7.877113776470999
301,0.29,0.9,340.0,34.0,89.0,8.14,0.36,11.1,1,11.6,1,0,0,0,0,8.19912744980225
302,0.38,1.3,460.0,24.0,90.0,8.2,0.47,10.0,1,11.8,1,0,0,0,0,7.97246120468707
303,0.37,10.0,1689.9999999999998,22.0,210.0,8.02,0.64,9.5,1,15.4,1,0,0,1,0,7.5287114349065565
304,0.39,1.0,410.0,37.0,154.0,8.08,0.43,11.9,1,15.8,1,0,0,0,0,7.9252690556333825
305,0.26,5.0,270.00000000000006,46.0,143.0,8.25,0.43,11.2,1,13.8,0,1,0,0,0,8.747200718015241
306,0.58,1.25,340.0,29.0,129.0,8.51,0.6,12.0,1,11.2,1,0,1,0,0,8.7190521200916
307,0.32,1.6,279.99999999999994,12.0,90.0,8.57,0.52,12.2,1,10.2,1,0,1,0,0,8.59274332640336
308,0.39,1.0,279.99999999999994,40.0,101.0,8.57,0.59,10.6,1,10.6,1,0,1,0,0,8.113143235071808
309,0.38,1.7,370.00000000000006,20.0,84.0,8.09,0.53,11.4,1,13.4,1,0,1,0,0,8.100152654339603
310,0.32,1.6,450.0,38.0,95.0,8.23,0.94,12.4,1,11.6,1,0,0,0,0,8.275238184221008
311,0.3,1.1,290.0,24.0,88.0,8.18,0.39,11.7,1,11.4,0,1,0,0,0,8.190164358464258
312,0.36,11.1,320.0,21.0,132.0,7.95,0.39,13.0,1,16.8,0,1,0,0,0,8.39597816817329
313,0.3,4.7,410.0,40.0,148.0,8.16,0.35,10.2,1,13.8,1,0,0,0,0,7.589828941514136
314,0.36,1.4,440.00000000000006,22.0,68.0,8.15,0.5,11.7,1,12.8,1,0,1,0,0,8.27530264499304
315,0.46,9.7,540.0000000000001,67.0,234.0,8.23,0.5,9.0,1,13.4,1,0,0,1,0,7.253632132730056
316,0.28,0.8,320.0,25.0,78.0,7.99,0.38,11.1,1,17.2,1,0,1,0,0,8.313620607998041
317,0.26,1.7,730.0,40.0,157.0,8.1,0.46,9.8,1,15.2,0,1,0,0,0,7.295591722803019
318,0.25,1.1,350.00000000000006,26.0,81.0,8.31,0.52,11.4,1,11.4,1,0,0,0,0,8.00187261638187
319,0.32,2.2,279.99999999999994,36.0,92.0,8.27,0.59,11.9,1,13.0,1,0,0,0,0,8.834935851749712
320,0.3,1.2,460.0,49.0,199.0,8.03,0.38,9.3,1,15.4,1,0,1,0,0,7.984454518463267
321,0.38,1.0,410.0,22.0,81.0,8.03,0.54,11.4,1,13.8,1,0,1,0,0,8.120494489548971
322,0.38,1.0,410.0,22.0,81.0,8.03,0.54,11.4,1,13.8,1,0,1,0,0,8.120494489548971
323,0.28,2.2,190.0,15.0,65.0,8.06,0.52,11.2,1,11.4,1,0,0,0,0,8.116947700964271
324,0.4,11.9,320.0,13.0,92.0,8.01,0.46,10.8,1,14.8,1,0,0,0,0,7.640009679824285
325,0.3,7.8,380.0,67.0,196.0,8.1,0.5,10.1,1,15.4,1,0,0,0,0,7.54694173345796
326,0.4,1.3,410.0,81.0,147.0,8.22,0.95,11.6,1,11.2,1,0,0,0,0,8.477087359305115
327,0.29,10.3,390.0,41.0,98.0,8.19,0.38,9.8,1,14.0,1,0,1,0,0,8.047732016960788
328,0.3,8.7,220.00000000000003,14.0,111.0,8.11,0.61,10.6,1,14.4,0,1,0,0,0,7.7687695392842455
329,0.34,14.05,400.0,41.0,114.0,8.07,0.59,11.0,1,15.4,1,0,1,0,0,8.662022447120103
330,0.38,13.1,1119.9999999999998,14.0,94.0,8.02,0.48,9.2,1,13.8,0,1,0,0,0,7.033578623615613
331,0.39,9.6,260.0,34.0,124.0,8.18,0.35,12.1,1,13.6,0,1,0,0,0,8.890139254913914
332,0.28,11.1,330.0,30.0,97.0,8.03,0.39,10.5,1,17.0,1,0,0,0,0,8.07287744377231
333,0.3,10.55,370.00000000000006,4.0,28.0,8.07,0.32,12.7,1,13.8,0,1,0,0,0,7.613140096618357
334,0.36,0.8,340.0,32.0,111.0,8.11,0.5,12.1,1,13.0,0,1,0,0,0,8.309163336587353
335,0.27,10.9,380.0,29.0,130.0,8.11,0.44,10.5,1,13.2,1,0,0,0,0,8.265636994469688
336,0.36,1.2,340.0,26.0,111.0,8.16,0.51,11.0,1,12.6,1,0,1,0,0,8.208632840760124
337,0.32,1.1,360.00000000000006,74.0,184.0,8.22,0.41,11.0,1,12.4,1,0,1,0,0,8.08848310274842
338,0.32,4.5,320.0,58.0,178.0,8.45,0.31,12.6,1,10.0,1,0,0,0,0,9.673695850433196
339,0.3,8.25,200.0,14.0,104.0,7.99,0.44,11.4,1,14.4,0,1,0,0,0,8.18383868459459
340,0.35,11.7,290.0,3.0,46.0,8.02,0.34,11.8,1,16.8,0,1,0,0,0,6.83
341,0.29,4.6,460.0,6.0,88.0,8.34,0.48,10.6,1,13.6,1,0,0,0,0,7.479411764705883
342,0.22,11.7,350.00000000000006,44.0,150.0,8.1,0.45,10.4,1,14.8,0,1,0,0,0,7.278821892156751
343,0.29,14.8,240.0,22.0,142.0,8.120000000000001,0.48,12.0,1,14.2,1,0,0,1,0,8.744347212751206
344,0.29,14.8,240.0,22.0,142.0,8.120000000000001,0.48,12.0,1,14.2,1,0,0,1,0,8.744347212751206
345,0.34,3.5,540.0000000000001,26.0,189.0,8.42,0.58,10.4,1,13.6,1,0,0,0,0,7.9154222105576135
346,0.45,2.1,270.00000000000006,43.0,104.0,8.02,0.52,11.3,1,13.0,1,0,0,0,0,8.392721249482895
347,0.29,12.2,440.00000000000006,59.0,196.0,8.14,0.4,8.8,1,12.6,1,0,0,0,0,7.349166972956854
348,0.41,16.8,370.00000000000006,58.0,173.0,8.25,0.57,9.4,1,12.4,0,1,0,0,0,7.853087655879713
349,1.0,1.1,1540.0,46.0,114.0,7.95,0.43,9.2,1,14.4,1,0,0,0,0,7.6862762188671505
350,0.66,10.2,430.0,78.0,175.0,7.98,0.43,10.4,1,11.2,1,0,0,0,0,7.870284176593023
351,0.54,7.0,460.0,58.0,176.0,8.19,0.7,10.4,1,12.4,1,0,0,0,0,7.3386429681019365
352,0.43,6.1,290.0,6.0,76.0,8.08,0.5,12.5,1,14.0,0,1,0,1,0,7.642397540983606
353,0.4,1.5,420.0,23.0,87.0,8.11,0.46,12.2,1,12.8,1,0,1,0,0,8.34718455763777
354,0.34,4.9,320.0,9.0,125.0,8.32,0.81,12.0,1,13.2,0,1,0,0,0,7.6418099378881985
355,0.54,7.0,460.0,58.0,176.0,8.19,0.7,10.4,1,12.4,1,0,0,0,0,7.3386429681019365
356,0.4,9.9,360.00000000000006,24.0,88.0,8.02,0.42,10.5,1,17.0,1,0,0,0,0,7.887572354468984
357,0.34,9.5,410.0,38.0,201.0,8.14,0.44,10.1,1,12.2,1,0,0,0,0,7.786121323074851
358,0.37,1.5,240.0,12.0,76.0,7.939999999999999,0.39,12.3,1,12.6,0,1,0,0,0,8.317532968303041
359,0.35,2.6,300.0,33.0,78.0,8.22,0.72,11.3,1,13.2,1,0,1,0,0,8.211872541361858
360,0.52,3.2,430.0,28.0,152.0,8.02,0.53,11.4,1,15.2,1,0,0,0,0,7.951766046219276
361,0.45,2.3,450.0,40.0,118.0,8.16,0.48,11.9,1,14.0,1,0,0,0,0,8.475740113201516
362,0.49,4.9,320.0,3.0,18.0,7.85,0.54,10.0,1,19.4,1,0,0,0,0,7.590416666666666
363,0.34,10.9,380.0,25.0,84.0,8.11,0.34,10.9,1,14.0,1,0,0,0,0,8.573318207035774
364,0.45,2.3,450.0,40.0,118.0,8.16,0.48,11.9,1,14.0,1,0,0,0,0,8.475740113201516
365,0.49,2.5,470.0,20.0,130.0,8.15,0.48,11.1,1,15.2,1,0,0,0,0,7.933706055678292
366,0.36,4.5,540.0000000000001,31.0,203.0,8.4,0.57,10.4,1,13.8,0,1,0,0,0,7.644083142585996
367,0.34,1.6,430.0,24.0,129.0,8.120000000000001,0.7,10.4,1,15.2,1,0,0,0,0,7.687321807190499
368,0.22,5.5,370.00000000000006,10.0,86.0,8.46,0.44,12.2,1,11.0,1,0,1,0,0,7.7391096253982665
369,0.38,2.1,430.0,10.0,98.0,8.17,0.65,11.0,1,15.2,0,1,0,0,0,7.338015625000001
370,0.38,1.5,390.0,37.0,122.0,8.2,0.43,12.0,1,12.2,1,0,0,0,0,8.184795909394516
371,0.38,2.5,470.0,30.0,148.0,8.17,0.43,12.7,1,13.0,0,1,0,0,0,8.444774995976548
372,0.27,0.9,400.0,52.0,103.0,8.5,0.39,11.2,1,11.2,1,0,1,0,0,7.587048135749703
373,0.43,6.4,420.0,34.0,115.0,8.05,0.51,10.8,1,13.8,1,0,0,0,0,7.875315505228324
374,0.39,11.9,570.0,51.0,221.0,8.26,0.51,8.9,1,13.2,0,1,0,0,0,7.700614183052919
375,0.47,7.5,270.00000000000006,12.0,88.0,8.379999999999999,0.45,14.0,1,11.6,0,1,0,0,0,8.207777777777778
376,0.36,17.2,390.0,37.0,130.0,8.23,0.43,8.8,1,12.4,1,0,0,0,0,7.935651212920172
377,0.34,7.4,200.0,38.0,133.0,8.18,0.44,12.0,1,13.6,0,1,0,0,0,8.77945878393799
378,0.37,4.8,190.0,39.0,114.0,8.08,0.49,12.7,1,14.2,0,1,0,0,0,8.951938530609844
379,0.35,8.6,380.0,37.0,125.0,8.0,0.32,12.4,1,13.8,0,1,0,0,0,9.3685173023358
380,0.41,1.0,400.0,17.0,76.0,8.14,0.56,11.4,1,12.4,1,0,1,0,0,8.09094235838805
381,0.36,6.4,550.0,42.0,123.0,8.11,0.5,11.0,1,14.0,1,0,1,0,0,8.382273431595657
382,0.33,1.0,380.0,23.0,131.0,8.25,0.45,9.8,1,11.0,1,0,1,0,0,7.283668958775523
383,0.24,1.6,450.0,39.0,164.0,8.53,0.58,10.8,1,13.6,1,0,0,0,0,8.275073360277425
384,0.2,1.7,330.0,17.0,74.0,8.34,0.48,12.3,1,10.4,0,1,0,0,0,8.037591204539705
385,0.28,3.7,450.0,57.0,151.0,8.22,0.27,11.2,1,11.4,1,0,1,0,0,8.155571301474764
386,0.3,2.5,460.0,38.0,125.0,8.34,0.5,9.9,1,11.4,1,0,0,0,0,8.073450141506282
387,0.39,6.0,350.00000000000006,44.0,141.0,8.11,0.33,12.5,1,13.8,1,0,0,0,0,8.705296280733606
388,0.24,3.3,340.0,29.0,99.0,8.1,0.4,12.3,1,13.2,0,1,0,0,0,8.59535172761647
389,0.29,2.5,590.0,37.0,115.0,8.09,0.37,9.8,1,15.2,1,0,0,0,0,7.360910017636047
390,0.37,4.5,390.0,41.0,147.0,8.18,0.4,11.1,1,12.8,1,0,0,0,0,8.566631525958442
391,0.31,14.5,450.0,39.0,193.0,8.1,0.5,9.2,1,14.8,1,0,1,0,0,8.024736856696613
392,0.31,14.5,450.0,39.0,193.0,8.1,0.5,9.2,1,14.8,1,0,1,0,0,8.024736856696613
393,0.31,3.6,300.0,36.0,92.0,8.22,0.62,12.6,1,13.0,1,0,0,0,0,9.009338594459143
394,0.32,10.5,300.0,34.0,105.0,8.11,0.42,11.8,1,16.2,1,0,0,0,0,8.27758896669571
395,0.31,1.4,390.0,40.0,129.0,8.45,0.59,10.9,1,12.2,1,0,0,0,0,8.646501896739416
396,0.02,0.9,430.0,32.0,99.0,8.14,0.47,9.8,1,13.0,1,0,0,1,0,7.361169239106797
397,0.36,9.2,610.0,42.0,214.0,8.31,0.56,9.4,1,13.2,0,1,0,0,0,7.231503113943566
398,0.29,1.8,440.00000000000006,21.0,115.0,8.1,0.38,10.2,1,12.8,1,0,1,0,0,7.5304236357916
399,0.3,2.3,510.0,20.0,127.0,8.129999999999999,0.52,12.8,1,13.0,0,1,0,0,0,8.300869545360214
400,0.25,6.4,350.00000000000006,38.0,103.0,7.91,0.23,12.2,1,16.0,0,1,0,0,0,8.573753728288812
401,0.37,1.0,430.0,10.0,80.0,8.08,0.38,11.4,1,15.6,1,0,0,0,0,6.715161283263305
402,0.35,2.3,390.0,43.0,109.0,8.34,0.44,11.8,1,12.6,1,0,0,0,0,8.659336859418042
403,0.32,8.7,290.0,31.0,105.0,8.0,0.34,12.3,1,13.6,0,1,0,0,0,8.63910577541775
404,0.3,1.9,330.0,41.0,142.0,8.29,0.42,12.8,1,12.0,0,1,0,0,0,8.89204676934112
405,0.37,1.1,360.00000000000006,31.0,96.0,8.16,0.48,12.0,1,11.6,1,0,1,0,0,8.195753557504492
406,0.28,13.55,480.0,51.0,189.0,8.0,0.6,9.5,1,13.8,0,1,0,0,0,7.734458488119788
407,0.28,15.2,460.0,6.0,41.0,8.17,0.39,10.9,1,14.4,1,0,0,0,0,7.94
408,0.28,1.1,340.0,47.0,90.0,8.22,0.38,12.6,1,12.0,1,0,0,0,0,8.156643565060902
409,0.49,1.3,330.0,12.0,72.0,8.05,0.53,11.3,1,14.2,1,0,1,0,0,8.00887151234336
410,0.28,10.6,390.0,32.0,117.0,8.05,0.55,11.5,1,14.0,1,0,0,0,0,8.609257328643546
411,0.32,4.9,460.0,50.0,156.0,8.379999999999999,0.55,11.2,1,12.8,1,0,0,0,0,8.444766655204035
412,0.32,7.8,520.0,52.0,183.0,8.39,0.65,9.5,1,12.2,0,1,0,0,0,7.392630351348647
413,0.33,7.4,370.00000000000006,25.0,95.0,8.25,0.49,11.1,1,11.2,0,1,0,0,0,8.174422218532097
414,0.32,7.8,520.0,52.0,183.0,8.39,0.65,9.5,1,12.2,0,1,0,0,0,7.392630351348647
415,0.4,11.6,320.0,34.0,214.0,8.1,0.51,9.8,1,14.4,0,1,0,0,0,7.943454041725253
416,0.3,2.1,310.0,50.0,163.0,8.39,0.43,12.7,1,12.2,0,1,0,0,0,8.901336950343328
417,0.49,20.15,600.0,30.0,145.0,8.01,0.44,8.5,1,15.2,1,0,0,0,0,7.271947996837431
418,0.26,10.05,390.0,63.0,162.0,8.33,0.5,11.2,1,11.6,1,0,0,0,0,8.63743758684924
419,0.27,1.3,370.00000000000006,30.0,86.0,8.05,0.59,12.9,1,12.4,1,0,0,0,0,8.59514873144477
420,0.28,1.1,340.0,26.0,83.0,8.25,0.33,12.3,1,13.0,1,0,0,0,0,8.35466483512878
421,0.27,5.0,350.00000000000006,14.0,97.0,8.1,0.33,11.8,1,11.8,1,0,0,0,0,8.488338807719217
422,0.32,6.0,330.0,59.0,128.0,8.19,0.71,12.1,1,13.2,1,0,1,0,0,8.687361056953069
423,0.3,6.9,380.0,23.0,89.0,8.25,0.49,11.1,1,11.2,0,1,0,0,0,8.245501044138976
424,0.34,1.9,400.0,41.0,108.0,8.25,0.45,12.9,1,13.6,1,0,1,0,0,8.490836660321486
425,0.27,10.3,470.0,54.0,219.0,8.04,0.45,8.8,1,13.2,1,0,0,0,0,7.465347899070308
426,0.36,1.1,310.0,27.0,93.0,8.23,0.34,13.2,1,13.2,1,0,1,0,0,8.428865215725411
427,0.28,12.0,559.9999999999999,68.0,143.0,7.99,0.3,9.2,1,15.2,1,0,0,0,0,7.852030198775733
428,0.19,1.1,640.0,36.0,191.0,8.05,0.5,9.5,1,13.0,1,0,0,0,0,7.752153031460291
429,0.24,1.8,370.00000000000006,39.0,150.0,8.05,0.44,11.8,1,15.2,0,1,0,0,0,8.343430067636767
430,0.28,4.7,390.0,34.0,94.0,8.22,0.57,13.1,1,11.8,0,1,0,0,0,9.230440976118366
431,0.31,7.4,410.0,7.0,81.0,8.04,0.47,11.4,1,13.4,1,0,0,0,0,7.12
432,0.44,1.0,570.0,24.0,111.0,8.09,0.32,11.2,1,16.0,1,0,0,0,0,7.928462807117211
433,0.36,8.4,420.0,42.0,123.0,8.34,0.52,10.9,1,13.4,1,0,0,0,0,8.44827324605198
434,0.3,3.0,360.00000000000006,30.0,124.0,8.31,0.4,13.1,1,12.2,0,1,0,0,0,8.947068703266378
435,0.45,14.3,540.0000000000001,30.0,181.0,8.14,0.57,9.1,1,13.4,1,0,0,0,0,7.710918658118958
436,0.34,1.4,290.0,29.0,133.0,8.33,0.64,11.5,1,13.0,1,0,1,0,0,8.662276809246965
437,0.28,4.9,420.0,21.0,155.0,8.36,0.57,10.9,1,15.0,0,1,0,0,0,8.026392755976396
438,0.28,2.4,360.00000000000006,35.0,115.0,8.19,0.44,13.5,1,14.2,0,1,0,0,0,8.81563373732808
439,0.25,10.7,460.0,66.0,179.0,8.17,0.55,9.9,1,12.8,1,0,0,0,0,7.7092811654059865
440,0.24,11.0,410.0,75.0,167.0,7.98,0.56,10.5,1,14.0,1,0,0,0,0,7.899969350372332
441,0.62,7.5,380.0,46.0,132.0,8.23,0.43,13.4,1,13.8,0,1,0,0,0,8.925594227478308
442,0.27,6.3,279.99999999999994,40.0,132.0,8.370000000000001,0.4,11.6,1,10.6,0,1,0,0,0,8.645769008594048
443,0.27,6.3,279.99999999999994,40.0,132.0,8.370000000000001,0.4,11.6,1,10.6,0,1,0,0,0,8.645769008594048
444,0.29,8.6,530.0,65.0,146.0,8.11,0.32,9.8,1,15.2,1,0,0,0,0,7.6803771549626765
445,0.27,3.1,340.0,28.0,134.0,8.26,0.38,13.1,1,14.2,0,1,0,0,0,8.977691432460226
446,0.46,6.4,360.00000000000006,17.0,85.0,8.1,0.78,11.7,1,14.4,1,0,0,0,0,7.975391739851127
447,0.35,7.2,460.0,45.0,178.0,8.14,0.53,9.7,1,14.4,0,1,0,0,0,7.180976323096215
448,0.31,1.2,310.0,27.0,80.0,8.03,0.33,12.7,1,14.4,1,0,0,0,0,8.400696716520478
449,0.25,3.4,240.0,27.0,99.0,7.98,0.37,13.0,1,15.6,1,0,0,0,0,8.627555798488082
450,0.2,1.8,310.0,49.0,159.0,8.41,0.53,11.0,1,12.0,0,1,0,0,0,8.048878872164172
451,0.29,19.9,390.0,69.0,237.0,8.1,0.48,9.2,1,14.6,1,0,0,0,0,7.7578236269177445
452,0.22,16.65,440.00000000000006,39.0,110.0,8.24,0.48,9.0,1,11.4,1,0,0,0,0,7.959992241851357
453,0.28,0.9,230.0,49.0,87.0,7.92,0.36,11.1,1,16.2,1,0,0,0,0,8.002218574070369
454,0.28,4.2,290.0,7.0,112.0,8.0,0.41,12.6,1,15.2,0,1,0,0,0,8.036391748811665
455,0.27,9.7,360.00000000000006,15.0,85.0,7.99,0.36,11.2,1,16.0,1,0,0,0,0,8.193602284559589
456,0.28,4.2,290.0,7.0,112.0,8.0,0.41,12.6,1,15.2,0,1,0,0,0,8.036391748811665
457,0.36,14.6,480.0,35.0,161.0,8.14,0.56,10.6,1,14.8,1,0,0,0,0,7.8813140754659194
458,0.71,17.5,420.0,21.0,114.0,7.85,0.5,9.5,1,13.6,1,0,1,0,0,7.815102990691226
459,0.71,17.5,420.0,21.0,114.0,7.85,0.5,9.5,1,13.6,1,0,1,0,0,7.815102990691226
460,0.28,4.2,440.00000000000006,52.0,158.0,8.35,0.44,10.7,1,11.2,1,0,0,0,0,8.868802257905163
461,0.28,1.1,340.0,55.0,108.0,8.0,0.52,11.9,1,13.2,1,0,1,0,0,8.197378379848601
462,0.24,1.4,330.0,65.0,169.0,8.59,0.56,12.3,1,11.6,1,0,0,0,0,9.029732531619324
463,0.18,1.8,460.0,31.0,114.0,8.27,0.55,10.8,1,13.6,1,0,1,0,0,8.35308867364714
464,0.3,1.2,370.00000000000006,11.0,95.0,7.96,0.36,12.5,1,14.4,1,0,0,0,0,7.985973958814295
465,0.28,26.05,310.0,27.0,122.0,8.06,0.42,10.6,1,13.6,1,0,0,1,0,7.535972408628656
466,0.26,4.7,400.0,108.0,168.0,8.07,0.75,10.7,1,12.6,1,0,0,0,0,7.8667897254343435
467,0.28,26.05,310.0,27.0,122.0,8.06,0.42,10.6,1,13.6,1,0,0,1,0,7.535972408628656
468,0.33,0.9,410.0,20.0,117.0,8.21,0.5,11.4,1,14.0,1,0,0,0,0,7.5466379434524695
469,0.2,5.7,1180.0,61.0,172.0,8.24,0.43,9.5,1,12.8,0,1,0,0,0,7.310816309940201
470,0.32,2.4,139.99999999999997,34.0,89.0,8.24,0.66,12.5,1,12.8,1,0,0,0,0,8.739716335155865
471,0.33,4.9,470.0,42.0,130.0,8.120000000000001,0.56,11.0,1,13.6,1,0,1,0,0,8.20651664618864
472,0.16,2.7,360.00000000000006,34.0,128.0,8.2,0.53,13.2,1,10.8,0,1,0,1,0,9.433874674165299
473,0.26,11.0,300.0,2.0,82.0,8.07,0.36,11.2,1,13.0,1,0,0,0,0,7.13
474,0.25,18.8,850.0000000000001,19.0,111.0,8.1,0.51,8.7,1,14.4,1,0,0,0,0,7.109354049808509
475,0.27,9.6,370.00000000000006,19.0,105.0,8.04,0.37,10.5,1,14.2,1,0,0,0,0,7.628382214110287
476,0.41,12.9,440.00000000000006,79.5,183.0,8.24,0.78,10.2,1,13.6,1,0,1,0,0,7.985088239423197
477,0.37,1.6,869.9999999999999,27.0,177.0,8.09,0.5,9.8,1,15.2,0,1,0,0,0,7.138165881522108
478,0.27,12.0,300.0,39.0,98.0,8.15,0.34,10.8,1,12.0,1,0,1,0,0,8.523571302966939
479,0.35,2.5,400.0,41.0,186.0,8.32,0.56,12.5,1,14.2,1,0,0,0,0,8.683151356565428
480,0.24,4.4,270.00000000000006,37.0,150.0,8.3,0.31,11.5,1,11.2,1,0,0,0,0,8.749023199755921
481,0.34,1.2,360.00000000000006,32.0,96.0,8.06,0.74,11.6,1,12.6,1,0,0,0,0,8.159395452473527
482,0.27,1.5,760.0,24.0,145.0,8.1,0.52,10.1,1,14.0,0,1,0,0,0,7.209653687381287
483,0.23,10.4,490.0,45.0,190.0,8.120000000000001,0.51,8.8,1,13.2,1,0,0,0,0,7.156372831291943
484,0.45,8.0,380.0,54.0,200.0,8.18,0.48,9.5,1,13.2,0,1,0,0,0,7.40361718530694
485,0.28,6.9,360.00000000000006,46.0,150.0,8.36,0.44,10.8,1,11.4,1,0,0,0,0,8.827752696125119
486,0.26,10.3,410.0,51.0,166.0,8.08,0.35,11.6,1,14.0,0,1,0,0,0,8.633537695027183
487,0.18,1.4,340.0,18.0,135.0,8.32,0.35,10.2,1,11.2,1,0,0,0,0,7.206467301077043
488,0.28,14.7,510.0,29.0,149.0,7.96,0.39,9.0,1,14.0,1,0,1,0,0,8.999500000000001
489,0.28,1.8,400.0,45.0,121.0,8.02,0.4,11.9,1,14.8,1,0,0,0,0,8.319635917989288
490,0.25,12.5,550.0,47.0,134.0,8.3,0.51,9.0,1,12.4,1,0,0,0,0,7.4084594453552155
491,0.32,7.4,150.0,47.0,124.0,7.99,0.39,11.0,1,15.6,1,0,1,0,0,8.165976710175745
492,0.35,6.1,250.0,10.0,40.0,7.79,0.52,10.9,1,14.8,1,0,0,0,0,7.57
493,0.15,2.1,260.0,29.0,130.0,8.39,0.77,13.4,1,10.8,1,0,0,1,0,9.634609041813684
494,0.28,9.8,420.0,61.0,125.0,8.14,0.42,10.2,1,12.2,1,0,0,0,0,7.891922791311524
495,0.28,6.1,180.00000000000003,41.0,103.0,8.24,0.32,12.2,1,13.0,0,1,0,0,0,8.367031526624057
496,0.3,1.4,220.00000000000003,38.0,100.0,8.42,0.57,11.4,1,12.6,1,0,1,0,0,8.296546572236842
497,0.3,9.2,180.00000000000003,23.0,96.0,8.08,0.29,11.0,1,15.2,1,0,0,0,0,8.536522436243281
498,0.52,8.2,470.0,52.0,191.0,8.16,0.47,9.5,1,13.2,1,0,0,0,0,7.273444475896578
499,0.5,8.0,510.0,46.0,197.0,8.18,0.47,9.5,1,13.0,1,0,0,0,0,7.233894920384012
500,0.3,1.3,360.00000000000006,7.0,49.0,7.99,0.73,10.3,1,16.2,1,0,0,0,0,7.13121794871795
501,0.21,10.7,980.0,13.0,91.0,8.03,0.47,9.3,1,14.0,0,1,0,0,0,6.901254604418138
502,0.39,2.0,570.0,21.0,138.0,8.05,0.52,10.9,1,15.8,1,0,0,0,0,7.501805325925545
503,0.28,2.2,420.0,21.0,177.0,8.2,0.57,11.4,1,14.0,0,1,0,0,0,7.446831477003428
504,0.32,8.8,420.0,18.0,106.0,8.28,0.33,12.9,1,12.6,1,0,0,1,0,8.686948915562256
505,0.3,8.8,450.0,28.0,131.0,8.120000000000001,0.59,9.9,1,13.6,1,0,0,1,0,7.5000443308389935
506,0.2,3.7,390.0,34.0,132.0,8.0,0.38,10.7,1,12.6,0,1,0,0,0,7.553458691106358
507,0.32,9.0,230.0,20.0,109.0,8.34,0.35,12.6,1,13.4,1,0,0,0,0,8.50009574493829
508,0.29,3.1,300.0,32.0,123.0,8.41,0.33,13.7,1,11.8,1,0,1,0,0,8.85126530876531
509,0.26,4.6,310.0,26.0,120.0,8.4,0.73,12.5,1,13.2,0,1,0,0,0,9.105098669581356
510,0.27,2.7,490.0,28.0,104.0,8.46,0.55,10.3,1,10.8,1,0,1,0,0,8.00607620965532
511,0.38,4.8,400.0,41.0,101.0,8.24,0.56,13.1,1,12.0,0,1,0,0,0,8.970914729698048
512,0.25,11.1,559.9999999999999,112.0,177.0,8.08,0.36,9.4,1,12.0,1,0,0,0,0,7.460192811693126
513,0.31,10.2,690.0000000000001,58.0,170.0,8.18,0.49,9.4,1,13.0,0,1,0,0,0,7.257063816900918
514,0.31,7.4,450.0,34.0,143.0,8.06,0.55,12.2,1,13.6,0,1,0,0,0,8.217233069300908
515,0.24,17.8,470.0,42.0,111.0,8.1,0.45,8.9,1,12.0,1,0,0,0,0,7.951635824723744
516,0.26,12.1,460.0,43.0,127.0,8.16,0.37,10.8,1,12.4,1,0,0,0,0,7.77690698720646
517,0.26,8.2,430.0,28.0,98.0,7.99,0.31,11.4,1,12.8,0,1,0,0,0,8.37290126877657
518,0.37,1.5,490.0,28.0,129.0,8.15,0.52,10.8,1,14.2,1,0,0,0,0,7.697672863657209
519,0.16,6.4,310.0,21.0,134.0,8.24,0.46,12.2,1,11.8,1,0,0,1,0,8.348460640465651
520,0.29,7.7,380.0,40.0,179.0,8.23,0.56,10.4,1,13.4,1,0,0,0,0,7.904088034989244
521,0.3,12.3,350.00000000000006,72.0,172.0,7.99,0.57,10.4,1,14.0,1,0,0,0,0,8.097464223099319
522,0.12,1.1,130.0,4.0,10.0,8.32,0.36,13.5,1,9.6,1,0,1,1,0,7.01
523,0.38,2.8,1440.0000000000002,12.0,65.0,7.95,0.64,11.4,1,12.2,1,0,0,0,0,8.04347238915597
524,0.18,1.9,360.00000000000006,33.0,106.0,8.21,0.83,14.0,1,10.0,1,0,0,1,0,8.775522311760787
525,0.3,6.2,400.0,49.0,139.0,8.17,0.27,13.6,1,14.2,0,1,0,0,0,8.943957980970282
526,0.28,1.6,370.00000000000006,31.0,113.0,8.120000000000001,0.4,14.2,1,12.8,0,1,0,0,0,8.461660701639572
527,0.28,1.4,350.00000000000006,28.0,107.0,8.0,0.4,13.2,1,13.2,0,1,0,0,0,8.350405996508178
528,0.34,14.8,570.0,46.0,173.0,8.14,0.57,10.2,1,14.6,0,1,0,0,0,7.2753274443652405
529,0.3,2.4,380.0,30.0,83.0,8.09,0.36,12.8,1,13.4,0,1,0,0,0,8.598181815447921
530,0.36,6.7,1850.0,51.5,151.0,8.17,0.42,9.3,1,13.0,0,1,0,0,0,7.351249094545495
531,0.34,1.0,680.0,32.0,143.0,8.24,0.4,10.1,1,9.8,0,1,0,0,0,7.143272979004965
532,0.27,5.8,320.0,40.0,118.0,8.17,0.53,13.0,1,14.4,0,1,0,1,0,9.064980838873925
533,0.3,2.8,340.0,33.0,125.0,8.03,0.49,10.4,1,12.8,1,0,1,0,0,8.344301381918013
534,0.3,2.8,340.0,33.0,125.0,8.03,0.49,10.4,1,12.8,1,0,1,0,0,8.344301381918013
535,0.25,12.1,350.00000000000006,54.0,135.0,8.21,0.4,10.7,1,12.2,1,0,0,0,0,7.942518274984952
536,0.27,4.5,360.00000000000006,81.0,157.0,8.05,0.76,10.7,1,12.6,1,0,0,0,0,7.989540302689509
537,0.41,14.6,480.0,73.0,223.0,8.16,0.71,9.4,1,14.6,1,0,0,0,0,8.000929001707803
538,0.27,8.6,440.00000000000006,45.0,104.0,8.2,0.37,9.9,1,13.6,1,0,1,0,0,7.958832609770435
539,0.41,14.6,480.0,73.0,223.0,8.16,0.71,9.4,1,14.6,1,0,0,0,0,8.000929001707803
540,0.31,4.7,380.0,3.0,127.0,7.9,0.72,12.1,1,16.0,0,1,0,0,0,7.35
541,0.29,3.1,410.0,37.0,144.0,8.22,0.39,12.8,1,12.0,1,0,0,0,0,8.785724259057956
542,0.32,5.9,540.0000000000001,40.0,152.0,8.2,0.57,10.8,1,13.6,1,0,0,0,0,7.9280325134787635
543,0.49,5.8,530.0,25.0,120.0,8.01,0.98,10.5,1,12.8,1,0,0,0,0,7.957750837182244
544,0.48,18.0,540.0000000000001,56.0,183.0,7.98,0.61,8.5,1,13.0,1,0,1,0,0,8.33
545,0.57,1.0,600.0,15.0,120.0,8.06,0.41,9.5,1,12.8,1,0,0,0,0,7.389343193648225
546,0.57,1.0,600.0,15.0,120.0,8.06,0.41,9.5,1,12.8,1,0,0,0,0,7.389343193648225
547,0.16,4.4,330.0,8.0,109.0,8.35,0.47,12.4,1,12.2,1,0,1,0,1,7.620843066801436
548,0.36,1.3,340.0,32.0,98.0,8.02,0.58,11.3,1,13.6,1,0,1,0,0,8.111016827432701
549,0.28,17.55,500.0,33.0,154.0,7.939999999999999,0.43,9.0,1,14.4,1,0,1,0,0,8.941423076923076
550,0.27,8.0,480.0,41.0,162.0,8.21,0.51,9.9,1,12.2,1,0,0,0,0,7.781594810551509
551,0.26,9.6,500.0,33.0,134.0,8.129999999999999,0.46,10.4,1,14.8,0,1,0,0,0,7.311701053354989
552,0.21,1.5,440.00000000000006,21.0,110.0,8.3,0.57,11.0,1,11.6,1,0,0,0,0,8.003087965771861
553,0.28,8.6,460.0,37.0,142.0,8.23,0.53,10.6,1,11.8,1,0,0,0,0,7.78728509679172
554,0.27,3.8,470.0,16.0,79.0,8.07,0.46,11.3,1,14.6,1,0,0,0,0,8.017056485958623
555,0.27,10.7,1100.0,20.0,103.0,8.08,0.41,9.0,1,13.2,1,0,0,1,0,7.64988714739999
556,0.28,7.9,570.0,21.0,82.0,8.26,0.36,10.0,1,12.8,1,0,1,0,0,7.905468071453328
557,0.23,14.2,370.00000000000006,24.0,99.0,8.08,0.38,10.6,1,12.6,1,0,0,0,0,7.635023519643693
558,0.23,9.5,570.0,54.0,166.0,8.23,0.42,10.0,1,13.8,0,1,0,0,0,7.088466415829104
559,0.45,1.4,390.0,36.0,122.0,8.07,0.47,11.1,1,13.8,0,1,0,0,0,8.118831680139605
560,0.26,20.3,370.00000000000006,45.0,150.0,8.04,0.38,12.3,1,13.6,0,1,0,0,0,8.787963170427538
561,0.22,2.7,430.0,46.0,153.0,8.75,0.76,11.3,1,10.0,1,0,0,0,0,8.344392704517704
562,0.31,3.5,460.0,22.0,147.0,8.15,0.31,12.0,1,13.0,1,0,0,1,0,8.557910748948062
563,0.5,12.1,490.0,48.0,122.0,8.01,0.44,9.0,1,14.8,1,0,0,0,0,7.668580572332414
564,0.22,17.45,540.0000000000001,42.0,151.0,8.120000000000001,0.6,9.3,1,12.6,1,0,0,0,0,7.33078985166717
565,0.25,12.1,590.0,33.0,171.0,8.14,0.56,8.7,1,12.4,0,1,0,0,0,7.175406797904189
566,0.26,8.6,480.0,47.0,206.0,8.26,0.36,9.1,1,14.8,0,1,0,0,0,7.155382073573906
567,0.26,8.6,480.0,47.0,206.0,8.26,0.36,9.1,1,14.8,0,1,0,0,0,7.155382073573906
568,0.29,11.9,520.0,54.0,160.0,8.03,0.58,10.4,1,13.6,1,0,0,0,0,8.016486017092355
569,0.25,15.0,550.0,8.0,120.0,8.19,0.53,9.6,1,12.4,1,0,0,0,0,7.108613276635955
570,0.25,15.0,550.0,8.0,120.0,8.19,0.53,9.6,1,12.4,1,0,0,0,0,7.108613276635955
571,0.3,13.7,559.9999999999999,33.0,168.0,7.9,0.44,8.7,1,14.8,1,0,1,0,0,8.99
572,0.3,13.7,559.9999999999999,33.0,168.0,7.9,0.44,8.7,1,14.8,1,0,1,0,0,8.99
573,0.33,3.2,490.0,68.0,161.0,8.1,0.69,10.2,1,13.6,1,0,0,0,0,7.8770350426521745
574,0.4,15.4,520.0,81.0,198.0,8.2,0.69,9.4,1,13.8,1,0,0,0,0,7.207184615865691
575,0.3,1.4,400.0,14.0,63.0,8.2,0.33,12.0,1,14.0,1,0,0,0,0,8.357740347656499
576,0.24,6.5,440.00000000000006,28.0,100.0,8.120000000000001,0.33,10.2,1,13.4,1,0,0,0,0,7.744780587940356
577,0.53,12.9,490.0,63.0,139.0,7.939999999999999,0.45,9.1,1,15.8,0,1,0,0,0,7.3115989523334495
578,0.42,11.8,410.0,32.0,193.0,8.04,0.49,10.0,1,14.2,0,1,0,0,0,7.398704463508318
579,0.32,4.6,410.0,31.0,180.0,7.92,0.74,12.2,1,16.0,0,1,0,0,0,8.2598707484335
580,0.24,12.1,559.9999999999999,68.0,210.0,8.05,0.5,9.5,1,14.0,1,0,0,1,0,7.064665688807242
581,0.11,1.1,290.0,6.0,51.0,8.51,0.48,11.2,1,10.6,1,0,0,1,0,6.28
582,0.35,6.5,290.0,26.0,87.0,8.29,0.44,12.5,1,10.8,1,0,0,0,0,8.51036015893518
583,0.37,2.5,660.0,29.0,89.0,8.14,0.42,12.7,1,15.0,0,1,0,0,0,8.316531539934687
584,0.3,1.2,300.0,27.0,80.0,8.05,0.68,10.5,1,15.0,1,0,0,0,0,7.947731839676397
585,0.36,1.8,410.0,38.0,90.0,8.27,0.98,11.9,1,11.4,1,0,0,0,0,8.496584347406499
586,0.29,4.2,370.00000000000006,69.0,144.0,8.129999999999999,0.74,10.8,1,11.8,1,0,0,0,0,8.107499692214798
587,0.48,13.5,380.0,44.0,116.0,8.04,0.48,9.2,1,15.2,0,1,0,0,0,7.111787496113161
588,0.2,1.6,400.0,26.0,114.0,8.25,0.45,11.4,1,11.8,1,0,1,0,0,8.122681483445263
589,0.19,2.2,440.00000000000006,39.0,161.0,8.19,0.43,10.4,1,11.0,1,0,0,0,0,7.772615542489071
590,0.22,5.25,380.0,44.0,145.0,8.22,0.4,11.2,1,12.4,0,1,0,0,0,8.403807348550842
591,0.05,8.0,360.00000000000006,19.0,164.0,8.26,0.46,12.2,1,14.0,0,1,0,1,0,8.261299559301403
592,0.22,5.25,380.0,44.0,145.0,8.22,0.4,11.2,1,12.4,0,1,0,0,0,8.403807348550842
593,0.27,2.3,440.00000000000006,20.0,117.0,8.31,0.41,12.7,1,12.0,1,0,0,0,0,8.60489493199652
594,0.24,17.8,590.0,23.0,124.0,8.3,0.5,10.1,1,11.4,1,0,0,0,0,7.144912340225212
595,0.23,8.9,1050.0,22.0,155.0,8.01,0.58,9.5,1,14.4,0,1,0,0,0,7.138072780256248
596,0.24,7.4,440.00000000000006,21.0,113.0,8.379999999999999,0.58,10.5,1,11.8,1,0,0,0,0,7.667542502547108
597,0.27,11.5,500.0,51.0,133.0,8.22,0.37,10.8,1,12.2,1,0,0,0,0,7.650701842453548
598,0.27,1.6,390.0,36.0,116.0,8.379999999999999,0.57,11.0,1,13.0,1,0,0,0,0,8.404513387905787
599,0.25,4.8,380.0,16.0,121.0,8.36,0.71,12.6,1,13.2,0,1,0,0,0,8.267630316804976
600,0.29,4.2,430.0,33.0,114.0,8.16,0.31,12.5,1,13.8,1,0,0,0,0,8.524965666596641
601,0.24,5.4,350.00000000000006,33.0,115.0,8.120000000000001,0.44,12.8933333333333,1,13.4,1,0,0,1,0,8.906315564081257
602,0.28,1.0,430.0,45.0,100.0,8.4,0.41,11.4,1,11.8,1,0,0,0,0,8.37518453845367
603,0.27,13.9,570.0,45.0,155.0,7.939999999999999,0.41,8.8,1,14.6,1,0,1,0,0,10.0
604,0.29,2.0,440.00000000000006,15.0,96.0,8.23,0.64,10.4,1,13.6,1,0,0,0,0,7.700194302083397
605,0.35,3.2,340.0,21.0,107.0,8.11,0.54,11.1,1,14.2,1,0,0,0,0,8.17650872158293
606,0.2,7.5,500.0,44.0,179.0,8.18,0.48,9.53333333333333,1,13.0,1,0,0,0,0,7.132559180808324
607,0.2,5.8,620.0,52.0,203.0,8.17,0.44,9.8,1,14.4,0,1,0,0,0,7.256186185903139
608,0.25,11.2,480.0,32.0,136.0,8.14,0.4,9.5,1,14.2,0,1,0,0,0,7.136829899179418
609,0.21,9.65,410.0,36.0,119.0,7.99,0.34,10.933333333333302,1,12.8,1,0,0,0,0,8.484401762102845
610,0.23,3.5,380.0,23.0,112.0,8.05,0.37,11.3666666666667,1,14.2,1,0,0,0,0,7.942612910650563
611,0.29,7.3,500.0,33.0,143.0,8.31,0.5,11.066666666666698,1,11.4,0,1,0,0,0,8.242622098021
612,0.31,5.0,430.0,54.0,170.0,8.28,0.52,11.0,1,12.0,1,0,0,0,0,8.264698682782159
613,0.33,1.2,390.0,34.0,97.0,8.11,0.75,11.2,1,14.2,1,0,0,0,0,8.21021848954391
614,0.22,9.5,400.0,30.0,111.0,8.05,0.31,10.8,1,12.6,1,0,0,0,0,7.856437130553198
615,0.44,15.8,570.0,39.0,167.0,8.14,0.51,9.2,1,12.4,1,0,0,0,0,7.20912786701805
616,0.26,11.8,530.0,55.0,173.0,8.11,0.6,9.8,1,14.8,1,0,0,0,0,7.458031376943568
617,0.26,11.8,530.0,55.0,173.0,8.11,0.6,9.8,1,14.8,1,0,0,0,0,7.458031376943568
618,0.28,2.2,400.0,24.0,125.0,8.19,0.48,10.5,1,12.4,1,0,0,0,0,7.895765199232414
619,0.23,17.3,470.0,37.0,118.0,8.08,0.46,8.8,1,13.2,1,0,0,0,0,7.926290622383501
620,0.23,17.3,470.0,37.0,118.0,8.08,0.46,8.8,1,13.2,1,0,0,0,0,7.926290622383501
621,0.52,6.5,470.0,28.0,123.0,8.22,0.49,9.9,1,12.4,1,0,0,0,0,7.718658573894832
622,0.34,2.8,420.0,59.5,162.0,8.27,0.47,10.8,1,12.2,0,1,0,0,0,7.696557977554339
623,0.28,2.8,430.0,17.0,67.0,8.21,0.47,13.2,1,13.2,0,1,0,0,0,8.310246579550354
624,0.26,10.9,600.0,55.0,193.0,8.21,0.44,9.4,1,13.8,0,1,0,1,0,7.221711425978685
625,0.3,9.15,510.0,25.0,166.0,8.24,0.56,11.333333333333302,1,13.0,1,0,0,0,0,8.133801741756013
626,0.31,16.4,510.0,20.0,146.0,8.06,0.54,9.1,1,13.4,0,1,0,0,0,7.381500539584339
627,0.31,16.4,510.0,20.0,146.0,8.06,0.54,9.1,1,13.4,0,1,0,0,0,7.381500539584339
628,0.29,19.3,510.0,36.0,174.0,8.14,0.5,9.0,1,12.0,1,0,0,0,0,7.1324314951220265
629,0.27,2.1,420.0,35.0,100.0,8.03,0.63,10.9,1,12.8,1,0,0,0,0,8.42747337972468
630,0.29,1.0,420.0,35.0,90.0,8.76,0.49,11.3,1,9.4,1,0,1,0,0,8.4384620626903
631,0.33,1.9,360.00000000000006,37.0,110.0,8.26,0.58,12.4,1,11.4,1,0,0,0,0,8.590156244890615
632,0.18,1.2,580.0,7.0,108.0,8.23,0.58,9.55,1,11.6,1,0,0,0,0,6.7225
633,0.26,4.5,530.0,17.0,126.0,8.24,0.46,9.1,1,11.6,0,1,0,1,0,7.243101823335508
634,0.33,2.0,330.0,12.0,74.0,8.29,0.65,12.5,1,13.4,0,1,0,0,0,8.255960713246022
635,0.17,1.3,610.0,14.0,100.0,8.07,0.55,9.5,1,13.4,1,0,0,0,0,7.006997542997543
636,0.32,1.1,340.0,24.0,110.0,8.36,0.4,12.5,1,12.2,1,0,0,0,0,8.503440844623771
637,0.18,9.0,510.0,28.5,259.0,8.19,0.5,8.8,1,12.2,1,0,0,1,0,7.348178775085752
638,0.22,12.7,580.0,24.0,183.0,8.32,0.42,11.7,1,11.6,1,0,1,0,0,8.124544794494375
639,0.21,1.3,559.9999999999999,35.0,121.0,8.32,0.33,11.4,1,11.6,1,0,1,0,0,8.25646024653257
640,0.37,9.1,370.00000000000006,16.0,76.0,8.05,0.54,11.1,1,13.8,1,0,0,0,0,7.40587450407121
641,0.22,14.7,470.0,51.0,183.0,8.39,0.6,10.5,1,12.8,1,0,0,1,0,7.620678486028559
642,0.3,3.9,260.0,36.0,105.0,8.26,0.58,12.75,1,11.4,1,0,0,0,0,8.410297351699867
643,0.32,9.3,400.0,22.0,110.0,8.34,0.54,10.7,1,13.8,1,0,0,0,0,8.363023223505841
644,0.15,1.1,290.0,12.0,83.0,8.3,0.4,11.4,1,11.6,1,0,0,0,0,8.080518756200458
645,0.32,1.2,420.0,40.0,98.0,8.42,0.64,11.8,1,9.6,1,0,1,0,0,8.724370629639516
646,0.23,11.8,300.0,23.0,158.0,8.41,0.64,11.8,1,10.0,0,1,0,0,0,8.612837276515208
647,0.35,10.0,350.00000000000006,22.0,108.0,8.120000000000001,0.36,11.6,1,16.0,0,1,0,0,0,8.41369636778384
648,0.3,2.2,350.00000000000006,26.0,129.0,8.32,0.47,12.9,1,11.6,1,0,0,1,0,8.963240056198524
649,0.35,6.9,300.0,45.0,116.0,7.8,0.54,11.0,1,13.8,1,0,0,0,0,8.1740485463463
650,0.18,2.0,360.00000000000006,23.0,129.0,8.36,0.77,13.4,1,10.4,0,1,0,1,0,9.122267552128813
651,0.23,6.65,340.0,6.0,158.0,8.05,0.48,11.2,1,16.6,1,0,0,1,0,6.91
652,0.38,10.7,380.0,49.0,136.0,8.11,0.59,11.2,1,11.6,1,0,0,0,0,8.690821252051334
653,0.36,1.2,350.00000000000006,43.0,126.0,8.01,0.63,11.4,1,13.2,1,0,0,0,0,8.354552929048648
654,0.3,1.3,300.0,25.0,98.0,8.370000000000001,0.43,12.4,1,11.4,1,0,0,0,0,8.493436651273697
655,0.22,3.4,350.00000000000006,40.0,122.0,8.09,0.47,12.3,1,13.6,1,0,0,0,0,8.646919730740192
656,0.06,6.8,420.0,9.0,84.0,8.44,0.44,10.2,1,11.4,1,0,1,1,0,6.98
657,0.28,2.5,350.00000000000006,18.0,73.0,8.1,0.47,12.8,1,12.6,0,1,0,0,0,8.338684495525975
658,0.36,8.2,279.99999999999994,44.0,111.0,8.14,0.41,12.4,1,14.6,1,0,1,0,0,8.288009886014057
659,0.34,6.1,340.0,31.0,114.0,8.32,0.58,10.15,1,12.2,1,0,1,0,0,8.676719943711907
660,0.33,6.0,360.00000000000006,30.0,111.0,8.32,0.58,10.15,1,12.0,1,0,1,0,0,8.698408379086056
661,0.49,11.4,350.00000000000006,57.0,137.0,8.08,0.54,8.9,1,13.2,1,0,0,0,0,7.549901800577268
662,0.33,0.7,270.00000000000006,15.0,66.0,8.11,0.31,11.8,1,13.6,0,1,0,0,0,7.947075
663,0.32,10.4,620.0,23.0,114.0,8.23,0.49,10.5,1,14.4,1,0,0,0,0,7.7879211763821505
664,0.32,12.5,350.00000000000006,18.0,156.0,7.88,0.36,9.0,1,13.4,1,0,1,0,0,7.970395424554137
665,0.32,12.5,350.00000000000006,18.0,156.0,7.88,0.36,9.0,1,13.4,1,0,1,0,0,7.970395424554137
666,0.09,7.6,440.00000000000006,34.0,144.0,8.26,0.38,10.1,1,12.8,1,0,1,1,0,6.722602677255211
667,0.28,1.4,370.00000000000006,36.0,83.0,8.33,0.42,10.9,1,11.8,1,0,1,0,0,8.385028469444071
668,0.16,12.55,510.0,31.0,115.0,8.4,0.38,10.8,1,11.2,1,0,0,0,0,8.13663076923077
669,0.38,2.6,330.0,10.0,69.0,8.120000000000001,0.59,10.8,1,11.0,0,1,0,0,0,7.442222222222222
670,0.32,1.3,440.00000000000006,18.0,93.0,8.11,0.56,12.25,1,13.2,1,0,0,0,0,8.068084433591217
671,0.33,10.7,360.00000000000006,27.0,98.0,8.34,0.52,10.2,1,12.2,0,1,0,0,0,7.872126134628391
672,0.36,1.7,420.0,14.0,61.0,8.22,0.54,10.8,1,12.0,1,0,1,0,0,8.065936816837603
673,0.32,3.6,350.00000000000006,36.0,133.0,8.23,0.46,10.8,1,12.0,1,0,0,0,0,7.86282025345472
674,0.25,2.9,470.0,289.0,440.0,8.44,0.64,10.5,1,12.2,1,0,0,0,0,7.977632805099002
675,0.36,1.3,350.00000000000006,40.0,78.0,8.23,0.64,12.1,1,10.2,1,0,0,0,0,8.36534362830228
676,0.73,2.2,270.00000000000006,21.0,92.0,8.120000000000001,0.48,12.4,1,13.2,1,0,0,0,0,8.044471587322256
677,0.26,3.5,350.00000000000006,38.0,111.0,8.18,0.47,13.6,1,12.0,0,1,0,0,0,8.89650716797469
678,0.3,13.0,470.0,69.0,160.0,8.16,0.5,9.6,1,13.6,1,0,0,0,0,7.879658134877145
679,0.32,2.0,340.0,31.0,102.0,8.16,0.56,12.3,1,11.8,1,0,0,0,0,8.396623965675841
680,0.5,12.1,450.0,38.0,127.0,8.04,0.53,8.9,1,13.4,0,1,0,0,0,7.737745370251726
681,0.33,1.1,390.0,45.0,126.0,8.31,0.45,11.6,1,12.0,1,0,0,0,0,8.26795426056557
682,0.46,0.9,330.0,9.0,65.0,8.24,0.35,12.1,1,12.0,0,1,0,0,0,7.646401515151515
683,0.09,10.9,510.0,37.0,131.0,7.93,0.62,9.5,1,13.2,1,0,0,0,0,7.665680319537821
684,0.01,3.2,410.0,18.0,120.0,8.2,0.94,13.7,1,12.4,0,0,1,1,0,8.453088235294118
685,0.25,3.7,310.0,38.0,122.0,8.2,0.63,11.2,1,11.6,0,1,0,0,0,8.415737229376644
686,0.35,5.1,260.0,17.0,113.0,8.18,0.67,12.4,1,11.4,1,0,0,1,0,8.056575941943018
687,0.5,1.0,1270.0,63.0,178.0,8.1,0.45,9.7,1,11.6,0,1,0,0,0,7.277927682040926
688,0.47,1.3,430.0,18.0,131.0,8.19,0.45,11.0,1,14.0,1,0,0,0,0,7.915982942148039
689,0.35,10.3,420.0,54.0,140.0,8.23,0.47,9.2,1,12.8,1,0,0,0,0,7.589229436379856
690,0.35,10.3,420.0,54.0,140.0,8.23,0.47,9.2,1,12.8,1,0,0,0,0,7.589229436379856
691,0.26,1.1,350.00000000000006,40.0,102.0,8.47,0.56,10.6,1,11.2,1,0,0,0,0,8.56275734410517
692,0.24,7.4,380.0,28.0,114.0,8.379999999999999,0.51,11.0,1,10.6,1,0,0,0,0,8.24857351375645
693,0.44,8.9,550.0,52.0,164.0,8.1,0.48,9.6,1,12.8,0,1,0,0,0,7.178473812537432
694,0.29,3.9,410.0,22.0,79.0,8.1,0.59,12.066666666666698,1,12.4,0,1,0,0,0,8.618891611530016
695,0.34,1.4,310.0,3.0,60.0,8.27,0.38,13.0,1,10.6,1,0,1,1,0,7.5005
696,0.33,10.1,320.0,8.0,81.0,8.19,0.51,9.8,1,13.2,1,0,0,0,0,7.596070444050796
697,0.4,1.9,150.0,20.0,98.0,8.370000000000001,0.55,12.05,1,10.0,1,0,0,0,0,8.187147295916924
698,0.42,2.5,380.0,34.0,117.0,8.36,0.59,11.6,1,12.4,0,1,0,0,0,8.646632914085925
699,0.0,0.8,320.0,12.0,82.0,8.25,0.36,8.8,1,11.8,0,1,0,1,0,6.85
700,0.4,8.1,460.0,68.0,170.0,8.15,0.5,9.53333333333333,1,13.2,0,1,0,0,0,7.4831000419459555
701,0.17,1.9,350.00000000000006,60.0,148.0,8.27,0.35,11.5,1,9.8,1,0,0,1,0,8.248557122960461
702,0.4,8.1,460.0,68.0,170.0,8.15,0.5,9.55,1,13.2,0,1,0,0,0,7.4831000419459555
703,0.28,5.7,279.99999999999994,45.0,121.0,8.21,1.08,12.15,1,12.4,1,0,0,0,0,8.302774535717651
704,0.29,2.2,360.00000000000006,25.0,100.0,8.06,0.44,11.8,1,12.2,0,1,0,0,0,8.445119505613745
705,0.3,1.1,220.00000000000003,20.0,110.0,8.34,0.38,12.8,1,11.0,1,0,0,0,0,8.460159255368813
706,0.18,3.8,1760.0000000000002,52.0,145.0,8.16,0.88,9.2,0,17.8,1,0,1,1,0,5.01
707,0.24,1.8,800.0,4.0,11.0,8.28,0.59,9.5,0,15.2,1,0,0,1,0,5.389534853723554
708,0.07,2.4,890.0000000000001,17.0,82.0,8.35,0.54,10.1,0,13.4,1,0,1,1,0,5.473542087542087
709,0.04,2.1,680.0,6.0,14.0,8.39,0.64,9.4,0,13.2,0,1,0,1,0,5.581833247335664
710,0.3,2.1,840.0,11.0,50.0,8.4,0.61,10.2,0,16.6,1,0,1,1,0,5.615334721683406
711,0.14,2.4,670.0,10.0,42.0,8.19,0.59,9.5,0,17.6,1,0,1,1,0,5.102033990172706
712,0.36,1.6,890.0000000000001,14.0,37.0,8.34,0.56,9.2,0,14.0,1,0,0,1,0,5.138640504225012
713,0.31,1.8,690.0000000000001,26.0,120.0,8.29,0.53,9.3,0,15.6,0,1,0,1,0,5.204833757141038
714,0.16,2.0,1010.0,13.0,49.0,8.14,0.57,11.0,0,17.4,1,0,1,1,0,5.558493506493506
715,0.25,2.6,730.0,29.0,63.0,8.370000000000001,0.58,10.5,0,15.4,1,0,0,1,0,5.466940042413727
716,0.25,2.4,980.0,5.0,16.0,8.41,0.6,10.1,0,13.8,0,1,0,0,0,5.051333333333333
717,0.38,1.7,620.0,9.0,30.0,8.41,0.53,9.5,0,14.8,1,0,0,0,0,5.330561157029031
718,0.5,4.5,1070.0,5.0,13.0,8.28,0.83,11.5,0,20.6,1,0,0,1,0,6.37448717948718
719,0.39,2.0,610.0,7.0,15.0,8.18,0.62,9.5,0,21.4,1,0,0,1,0,5.617231169065676
720,0.28,3.2,660.0,21.0,114.0,8.22,0.54,9.4,0,16.0,0,1,0,1,0,5.194973009446694
721,0.5,2.4,660.0,10.0,21.0,8.120000000000001,1.18,9.2,0,24.4,0,1,0,0,0,5.883047619047619
722,0.67,3.0,930.0,6.0,15.0,8.02,0.93,12.0,0,27.6,1,0,0,1,0,7.33
723,0.66,2.95,1160.0,12.0,29.0,8.24,0.75,11.7,0,21.0,1,0,0,1,0,6.679615384615385
724,0.61,2.0,1119.9999999999998,13.0,95.0,8.16,0.54,9.1,0,16.8,1,0,1,1,0,5.202592592592592
725,0.59,2.6,869.9999999999999,13.0,49.0,8.18,0.65,11.0,0,23.0,0,1,0,1,0,6.007365384615384
726,0.58,3.7,1739.9999999999998,6.0,16.0,8.19,0.7,11.3,0,20.8,0,1,0,0,0,6.22
727,0.55,3.2,760.0,22.0,54.0,8.15,0.89,9.9,0,20.8,1,0,0,1,0,5.874516369047619
728,0.72,2.2,720.0000000000001,6.0,29.0,7.88,0.82,9.8,0,25.2,0,1,0,0,0,5.6933333333333325
729,0.02,1.2,700.0000000000001,36.0,48.0,8.2,0.58,9.8,0,17.4,1,0,0,0,1,5.32125
730,0.39,15.5,690.0000000000001,6.0,23.0,8.120000000000001,0.66,9.2,0,21.2,1,0,0,0,0,5.733830985915493
731,0.31,3.0,859.9999999999999,23.0,81.0,8.48,0.74,11.6,0,17.4,1,0,1,1,0,6.18
732,0.47,1.9,780.0,6.0,24.0,8.18,1.04,10.9,0,21.0,1,0,0,0,0,6.1996153846153845
733,0.49,4.6,730.0,19.0,43.0,8.02,0.61,9.5,0,24.8,1,0,0,1,0,5.301380952380953
734,0.49,6.3,640.0,5.0,17.0,8.21,0.73,11.0,0,19.0,1,0,0,1,0,6.16919599971324
735,0.41,3.3,920.0,26.0,52.0,8.31,0.53,10.5,0,17.6,1,0,0,1,0,5.358130036630037
736,0.51,2.2,790.0,14.0,28.0,8.03,0.93,9.8,0,23.0,0,1,0,0,0,5.893047619047619
737,0.45,2.3,709.9999999999999,16.0,40.0,8.39,0.62,9.4,0,19.8,0,1,0,1,0,5.185101917364996
738,0.55,2.1,709.9999999999999,5.0,19.0,8.11,0.62,10.8,0,23.6,0,1,0,0,0,5.97
739,0.28,2.6,780.0,21.0,77.0,8.28,0.51,9.8,0,19.8,0,0,1,1,0,5.151599892761952
740,0.08,2.7,840.0,15.0,48.0,8.21,0.59,10.0,0,15.2,1,0,0,1,0,5.499199893673579
741,0.21,2.5,920.0,33.0,88.0,8.19,0.52,9.2,0,17.6,1,0,0,1,0,5.052783223461798
742,0.28,2.4,120.0,36.0,100.0,8.26,0.39,11.7,0,13.4,1,0,0,0,0,6.64
743,0.46,1.7,620.0,26.0,42.0,8.18,0.83,10.6,0,19.8,1,0,0,0,0,6.359885654885654
744,0.0,2.1,680.0,30.0,35.0,8.48,0.65,11.4,0,15.2,0,0,1,1,0,6.066775085034014
745,0.37,2.3,910.0,10.0,23.0,8.24,0.56,10.5,0,19.2,1,0,0,1,0,5.252816820276498
746,0.12,1.7,970.0,19.0,27.0,8.16,0.49,9.4,0,15.4,0,1,0,0,0,5.050777264902617
747,0.0,2.2,869.9999999999999,3.0,11.0,8.71,0.63,12.8,0,11.2,1,0,1,1,0,6.58
748,0.36,2.8,1160.0,26.0,55.0,8.18,0.68,10.9,0,19.2,0,1,0,1,0,5.669615384615384
749,0.46,2.2,750.0,14.0,27.0,8.06,0.84,11.4,0,21.0,0,1,0,0,0,6.6739999999999995
750,0.4,2.2,680.0,12.0,28.0,8.27,0.75,12.6,0,17.8,0,1,0,0,0,6.829198717948718
751,0.01,1.8,930.0,9.0,15.0,8.35,0.58,11.0,0,14.6,0,1,0,1,0,5.54
752,0.65,2.4,750.0,6.0,17.0,8.22,0.63,11.8,0,20.4,1,0,0,0,0,6.5
753,0.53,2.2,600.0,3.0,10.0,8.02,0.83,10.9,0,22.2,0,1,0,0,0,6.82
754,0.2,8.1,980.0,30.0,92.0,8.2,0.58,9.2,0,15.0,0,0,1,1,0,5.0384415584415585
755,0.56,1.4,470.0,3.0,8.0,8.16,0.51,11.8,0,20.6,1,0,0,0,0,5.95
756,0.08,1.8,740.0000000000001,40.0,64.0,8.120000000000001,0.49,9.6,0,13.6,1,0,0,1,0,5.100757804921069
757,0.07,2.5,910.0,15.0,21.0,8.379999999999999,0.6,11.3,0,14.0,1,0,1,1,0,5.710451559934318
758,0.12,1.8,1780.0000000000002,6.0,21.0,8.28,0.87,9.8,0,15.6,0,1,0,1,0,5.272988505747126
759,0.0,2.2,1000.0,50.0,63.0,8.59,0.68,11.4,0,13.2,0,1,0,1,0,5.8503125
760,0.51,1.75,709.9999999999999,45.0,88.0,8.33,0.76,11.8,0,17.0,1,0,1,0,0,6.34
761,0.4,2.5,680.0,41.0,54.0,8.379999999999999,0.86,10.5,0,20.4,1,0,0,1,0,6.270796586059744
762,0.46,2.1,740.0000000000001,24.0,44.0,8.4,0.85,11.0,0,14.4,0,1,0,0,0,6.900475033738192
763,0.42,1.9,709.9999999999999,5.0,13.0,8.15,0.75,10.5,0,19.2,0,1,0,0,0,6.5981111793611795
764,0.29,2.1,750.0,19.0,66.0,8.4,0.64,9.5,0,15.2,1,0,0,1,0,5.279265713685213
765,0.01,2.6,740.0000000000001,48.0,90.0,8.379999999999999,0.62,10.8,0,15.6,1,0,0,0,1,5.59
766,0.0,2.7,1230.0000000000002,15.0,33.0,8.44,0.63,11.3,0,13.6,1,0,1,1,0,5.909761904761905
767,0.24,1.7,770.0,18.0,34.0,8.39,0.6,10.6,0,13.4,1,0,0,1,0,5.949242673992674
768,0.02,1.7,840.0,13.0,31.0,8.36,0.54,10.5,0,15.0,0,1,0,1,0,5.874833333333333
769,0.26,2.0,830.0,13.0,100.0,8.26,0.52,9.9,0,14.4,0,1,0,1,0,5.1388864999048085
770,0.42,2.0,520.0,6.0,24.0,8.44,0.82,11.9,0,15.2,0,1,0,0,0,6.859198717948718
771,0.59,2.2,770.0,3.0,15.0,8.2,0.78,9.6,0,20.0,0,1,0,0,0,5.191830985915493
772,0.37,15.4,2140.0,55.0,95.0,8.18,0.77,9.0,0,20.4,0,1,0,1,0,5.09
773,0.0,1.7,520.0,3.0,8.0,8.41,0.47,10.3,0,14.0,0,1,0,1,0,4.92
774,0.02,1.9,780.0,18.0,30.0,8.4,0.75,9.8,0,13.8,1,0,1,1,0,5.166746031746031
775,0.19,5.2,940.0,19.0,98.0,8.16,0.52,9.6,0,14.8,0,0,1,1,0,5.60928599439776
776,0.0,2.1,600.0,6.0,13.0,8.59,0.61,10.0,0,12.4,0,0,1,1,0,5.25
777,0.08,2.3,670.0,19.0,32.0,8.52,0.57,11.0,0,13.4,0,0,0,0,1,5.46
778,0.5,13.8,2050.0,48.0,82.0,8.16,0.75,8.8,0,19.8,0,1,0,1,0,5.18
