,sugar to flour ratio,sugar index,bake temp,chill time,calories,density,pH,grams baking soda,bake time,butter type,weight,chocolate,raisins,oats,nuts,peanut butter,quality_pred
0,0.62,19.25,400.0,41.0,172.0,1.0002,7.98,0.67,9.7,1,16.6,1,0,0,1,0,7.413540346812234
1,0.35,1.0,520.0,35.0,146.0,0.993,8.45,0.44,10.0,1,13.8,1,0,0,0,0,7.950812951680942
2,0.39,10.4,440.00000000000006,20.0,142.0,0.9974,8.2,0.53,10.0,1,17.0,1,0,0,0,0,7.6069797307000036
3,0.33,1.1,570.0,21.0,82.0,0.991,8.32,0.46,10.9,1,12.4,1,0,1,0,0,8.245315390416701
4,0.37,13.5,600.0,52.0,192.0,0.9975,8.0,0.44,9.1,1,14.8,1,0,0,0,0,7.879675688422205
5,0.31,5.5,480.0,42.0,173.0,0.9951,8.19,0.66,9.3,1,12.8,0,1,0,0,0,7.370360005512359
6,0.35,2.3,530.0,36.0,114.0,0.9924,8.28,0.5,10.2,1,11.6,1,0,0,0,0,7.841774605011042
7,0.88,6.2,490.0,20.0,124.0,0.9968,7.99,0.51,9.9,1,20.4,1,0,0,1,0,7.37448161301857
8,0.36,7.0,360.00000000000006,45.0,164.0,0.9939,8.03,0.33,11.0,1,15.0,1,0,0,0,0,8.151360030292855
9,0.32,2.4,480.0,41.0,200.0,0.9938,8.5,0.5,9.7,1,12.8,1,0,1,0,0,7.8705587082988515
10,0.22,7.3,410.0,26.0,157.0,0.9957,8.44,0.64,9.8,1,12.4,1,0,0,0,0,7.628236859857972
11,0.26,4.8,370.00000000000006,36.0,148.0,0.9928,8.21,0.41,10.4,1,12.4,0,1,0,0,0,7.5568259255641825
12,0.23,6.3,390.0,37.0,143.0,0.9944,8.19,0.65,10.0,1,12.8,0,1,0,0,0,7.382364580756793
13,0.41,1.3,360.00000000000006,33.0,85.0,0.992,8.17,0.51,10.4,1,14.4,1,0,0,0,0,7.839068378241218
14,0.3,1.8,330.0,16.0,91.0,0.9906,8.28,0.4,11.8,1,12.6,1,0,0,0,0,8.340166793572019
15,0.43,7.8,450.0,27.0,153.0,0.9964,8.19,0.55,9.0,1,14.8,1,0,0,0,0,7.544535652619943
16,0.41,15.6,559.9999999999999,75.0,155.0,0.9995,8.2,0.44,8.8,1,13.4,1,0,1,0,0,8.552296560647523
17,0.33,1.1,500.0,24.0,169.0,0.9927,8.15,0.78,9.5,1,12.2,0,1,0,0,0,7.288723810581465
18,0.43,2.0,210.0,20.0,69.0,0.99,8.08,0.56,12.2,1,14.6,1,0,0,0,0,8.23099140874958
19,0.4,1.5,370.00000000000006,35.0,107.0,0.9917,8.46,0.5,11.4,1,12.6,1,0,0,0,0,8.188243366736424
20,0.39,1.2,440.00000000000006,26.0,116.0,0.992,8.26,0.53,10.3,1,12.6,1,0,1,0,0,7.9657846072227185
21,0.34,2.3,450.0,73.5,214.0,0.9934,8.18,0.61,9.9,1,14.8,1,0,1,0,0,7.944950783930523
22,0.37,1.6,279.99999999999994,24.0,102.0,0.9913,8.29,0.59,11.6,1,13.4,1,0,0,0,0,8.305829320044962
23,0.53,18.15,470.0,59.0,182.0,0.9992,8.09,0.52,9.6,1,14.4,1,0,0,0,0,7.575172940976938
24,0.34,8.9,430.0,31.0,172.0,0.9964,8.22,0.6,9.2,1,13.4,1,0,0,1,0,7.3473005378258005
25,0.62,10.8,410.0,70.0,189.0,0.9976,8.08,0.49,8.6,1,14.4,1,0,0,1,0,7.17923651503712
26,0.29,2.25,370.00000000000006,8.0,210.0,0.9937,8.19,0.62,9.9,1,13.0,0,1,0,0,0,7.479301452709186
27,0.12,1.3,410.0,62.0,138.0,0.9921,8.21,0.42,10.0,1,13.4,1,0,0,0,0,7.654505669718113
28,0.65,10.4,500.0,76.0,192.0,0.9976,8.16,0.42,8.7,1,14.4,1,0,0,1,0,7.2025141174098835
29,0.29,7.5,490.0,38.0,158.0,0.9965,8.43,0.38,9.6,1,14.6,1,0,0,0,0,7.652341052380006
30,0.27,1.9,510.0,52.0,195.0,0.9928,8.23,0.5,10.9,1,15.6,1,0,0,0,0,8.044163993176527
31,0.33,13.9,460.0,68.0,179.0,0.9971,8.36,0.5,10.4,1,12.6,1,0,0,0,0,7.9027921003950885
32,0.48,14.2,420.0,62.0,204.0,0.9983,8.06,0.59,9.4,1,14.8,0,1,0,0,0,7.439031725960855
33,0.26,2.7,380.0,39.0,187.0,0.99325,8.41,0.5,10.8,1,12.0,0,1,0,0,0,7.955369009886868
34,0.34,1.6,320.0,23.0,128.0,0.9917,8.370000000000001,0.47,11.7,1,13.8,0,1,0,0,0,8.204177284576808
35,0.4,1.2,470.0,54.0,134.0,0.9932,8.3,0.97,9.8,1,14.2,1,0,1,0,0,8.01791821010338
36,0.36,2.1,340.0,30.0,177.0,0.99085,8.25,0.4,11.9,1,14.6,1,0,0,0,0,8.647970806006162
37,0.29,1.6,340.0,29.0,118.0,0.9917,8.3,0.5,11.0,1,14.6,1,0,0,0,0,8.192962596221799
38,0.44,1.9,400.0,9.0,121.0,0.9953,8.19,0.48,9.9,1,17.6,0,1,0,0,0,7.158526767416722
39,0.32,4.6,570.0,59.0,144.0,0.9956,8.55,0.44,9.4,1,14.0,1,0,1,0,0,7.877478693549506
40,0.33,1.6,430.0,63.0,149.0,0.9925,8.44,0.52,10.8,1,13.8,1,0,1,0,0,8.188357777332124
41,0.34,1.3,460.0,6.0,29.0,0.9924,8.29,0.63,10.4,1,12.0,1,0,0,0,0,7.1421728284279915
42,0.39,1.3,550.0,32.0,146.0,0.993,8.08,0.39,10.5,1,16.6,1,0,1,0,0,7.989723119392164
43,0.22,2.8,360.00000000000006,19.0,113.0,0.9926,8.03,0.29,10.2,1,15.2,0,1,0,0,0,7.300375333121154
44,0.47,11.2,709.9999999999999,44.0,136.0,0.9968,7.98,0.88,9.2,1,13.6,0,1,0,0,0,7.261571796257333
45,0.29,7.6,470.0,45.0,232.0,0.9955,8.35,0.62,10.0,1,12.4,0,1,0,0,0,7.4995769350214125
46,0.26,4.1,730.0,36.0,202.0,0.9956,8.3,0.67,9.5,1,13.4,1,0,0,0,0,7.439474557323506
47,0.34,2.6,370.00000000000006,33.0,125.0,0.9923,8.1,0.49,11.1,1,15.0,1,0,1,0,0,8.161493056914356
48,0.38,14.8,540.0000000000001,32.0,126.0,1.0002,8.22,0.5,9.7,1,16.6,1,0,0,0,0,7.7813010808483
49,0.33,4.7,590.0,31.0,118.0,0.9956,8.43,0.39,9.0,1,13.6,1,0,1,0,0,7.874796711416363
50,0.69,10.2,410.0,58.0,160.0,0.9977,8.06,0.45,8.6,1,14.6,0,1,0,0,0,7.211556020792086
51,0.34,8.3,370.00000000000006,33.0,216.0,0.9976,8.31,0.64,9.7,1,16.2,1,0,0,1,0,7.467885552606017
52,0.32,1.1,310.0,15.0,151.0,0.9936,8.03,0.41,10.6,1,18.2,1,0,0,0,0,7.6349528304559025
53,0.3,4.8,370.00000000000006,37.0,171.0,0.9967,8.47,0.44,9.0,1,15.8,1,0,1,0,0,7.993730315455634
54,0.29,16.85,540.0000000000001,23.0,135.0,0.9998,8.16,0.38,9.0,1,15.6,0,1,0,0,0,7.5204622695752
55,0.33,2.0,450.0,31.0,101.0,0.9931,8.42,0.55,11.4,1,14.8,1,0,0,0,0,8.222003890143853
56,0.46,15.55,370.00000000000006,61.0,171.0,0.9986,7.939999999999999,0.35,8.8,1,14.0,1,0,0,0,0,7.668925104162189
57,0.16,1.5,490.0,10.0,97.0,0.9917,8.48,0.44,10.7,1,10.0,0,1,0,0,0,7.572112784552071
58,0.42,1.15,330.0,18.0,96.0,0.9911,8.2,0.32,12.4,1,16.6,0,1,0,0,0,8.279236700663908
59,0.37,4.5,300.0,40.0,114.0,0.992,8.17,0.54,12.4,1,15.8,1,0,0,1,0,8.731890153184935
60,0.38,6.8,360.00000000000006,64.0,245.0,0.9951,8.06,0.36,9.3,1,12.4,1,0,0,0,0,7.530592935399206
61,0.33,1.5,470.0,44.0,167.0,0.9928,8.120000000000001,0.44,10.5,1,13.6,1,0,0,0,0,7.797390298733304
62,0.23,2.0,290.0,13.0,151.0,0.9931,8.04,0.33,10.4,1,15.2,0,1,0,1,0,7.202041011424277
63,0.32,1.7,320.0,30.0,130.0,0.9911,8.28,0.41,11.2,1,12.4,0,1,0,0,0,8.27793693445068
64,0.29,5.4,440.00000000000006,31.0,122.0,0.994,8.3,0.5,11.1,1,14.8,1,0,0,1,0,8.329459801638766
65,0.26,1.3,450.0,16.0,128.0,0.9934,8.36,0.6,10.0,1,13.2,1,0,0,0,0,7.5970690497314175
66,0.24,14.2,530.0,19.0,94.0,0.9982,8.17,0.5,9.6,1,13.8,1,0,0,0,0,7.530314367475824
67,0.49,7.1,500.0,67.0,210.0,0.9951,8.23,0.34,9.5,1,12.6,1,0,0,0,0,7.462181516098886
68,0.49,1.2,610.0,27.0,117.0,0.9938,8.08,0.34,9.4,1,16.0,1,0,0,0,0,7.514611025669041
69,0.74,4.45,440.00000000000006,33.0,130.0,0.9924,8.25,0.42,12.2,1,16.6,1,0,0,0,0,8.39231762919865
70,0.49,5.4,480.0,54.0,164.0,0.9946,8.56,0.44,10.8,1,12.8,1,0,1,0,0,8.173109064352687
71,0.49,3.0,300.0,30.0,96.0,0.9903,8.129999999999999,0.39,12.3,1,14.2,1,0,0,0,0,8.433979217656574
72,0.24,3.6,570.0,13.0,85.0,0.9942,7.99,0.48,9.5,1,13.8,1,0,0,0,0,7.080742109825194
73,0.49,1.6,500.0,17.0,131.0,0.9956,8.129999999999999,0.34,9.4,1,17.8,0,1,0,0,0,7.109878603309072
74,0.49,1.0,390.0,46.0,131.0,0.993,8.09,0.51,10.5,1,18.0,1,0,1,0,0,8.084436416287131
75,0.24,1.8,530.0,6.0,121.0,0.993,8.23,0.7,11.4,1,13.8,1,0,0,0,0,7.373800267623051
76,0.49,1.0,440.00000000000006,29.0,118.0,0.9928,8.24,0.36,10.9,1,16.4,1,0,0,0,0,7.945467288241648
77,0.49,1.3,460.0,27.0,142.0,0.9936,8.09,0.59,10.2,1,15.6,1,0,0,0,0,7.775548418237675
78,0.49,7.7,490.0,53.0,217.0,0.996,8.16,0.4,9.3,1,13.2,0,1,0,0,0,7.351314618391496
79,0.49,1.4,470.0,30.0,114.0,0.9914,7.92,0.42,10.8,1,13.4,1,0,0,0,0,7.8244860713521
80,0.46,15.4,590.0,32.0,177.0,1.0004,8.27,0.58,9.0,1,16.2,1,0,0,0,0,7.62695099241411
81,0.34,5.9,550.0,33.0,128.0,0.9927,7.95,0.51,11.8,1,17.6,0,1,0,0,0,8.101530731994227
82,0.2,6.6,450.0,42.0,170.0,0.9944,8.36,0.45,10.4,1,12.4,0,1,0,0,0,7.506194796068741
83,0.28,14.4,550.0,55.0,205.0,0.9986,8.120000000000001,0.38,9.0,1,14.4,1,0,0,0,0,7.980233139655886
84,0.26,1.55,410.0,118.5,216.0,0.9949,8.55,0.63,9.4,1,13.4,1,0,0,0,0,7.48265647791304
85,0.3,4.2,400.0,41.0,213.0,0.9927,8.28,0.49,11.8,1,14.0,1,0,0,0,0,8.536175322470148
86,0.3,4.2,400.0,41.0,213.0,0.9927,8.28,0.49,11.8,1,14.0,1,0,0,0,0,8.536175322470148
87,0.3,1.8,430.0,25.0,121.0,0.9944,8.44,0.61,10.2,1,13.4,1,0,0,0,0,7.886823000047336
88,0.36,11.1,330.0,43.0,208.0,0.9969,8.14,0.46,10.3,1,15.8,1,0,0,0,0,7.826077572252731
89,0.34,1.6,400.0,43.0,148.0,0.9912,8.32,0.59,11.5,1,13.0,1,0,1,0,0,8.473669818548718
90,0.31,6.0,460.0,29.0,108.0,0.9939,8.26,0.5,10.8,1,14.0,1,0,0,0,0,7.939758073778226
91,0.33,1.7,500.0,28.0,178.0,0.9954,8.16,0.43,9.0,1,18.6,1,0,0,0,0,7.534593047704601
92,0.48,2.7,520.0,24.0,190.0,0.995,8.5,0.45,10.9,1,16.4,1,0,1,0,0,8.176070894156634
93,0.44,14.5,450.0,68.0,212.0,0.9986,8.48,0.36,10.0,1,15.2,1,0,0,1,0,7.775930990088771
94,0.3,1.1,310.0,40.0,99.0,0.9929,7.939999999999999,0.3,10.4,1,18.4,1,0,0,0,0,7.967088483776538
95,0.3,9.6,570.0,50.0,185.0,0.9978,8.39,0.38,9.6,1,13.8,1,0,1,0,0,7.926184746288381
96,0.29,4.8,500.0,33.0,87.0,0.994,8.14,0.42,9.9,1,15.0,1,0,0,0,0,7.7205523880422176
97,0.28,2.5,460.0,40.0,153.0,0.9921,8.379999999999999,0.51,11.4,1,13.4,1,0,1,0,0,8.396159974164474
98,0.3,10.9,370.00000000000006,18.0,112.0,0.997,8.4,0.5,9.6,1,14.6,1,0,0,0,0,7.6566524851603095
99,0.22,1.7,510.0,50.0,179.0,0.9955,8.28,0.69,8.9,1,14.8,0,1,0,0,0,7.2168093946368845
100,0.28,4.5,460.0,33.0,102.0,0.9918,8.16,0.56,12.2,1,15.4,1,0,0,1,0,8.599020692651465
101,0.35,14.0,690.0000000000001,42.0,163.0,0.999,8.56,0.47,9.8,1,13.2,1,0,0,0,0,7.8019470980758365
102,0.36,1.8,340.0,43.0,150.0,0.9922,8.42,0.69,11.0,1,12.8,1,0,1,0,0,8.500972603752368
103,0.26,9.25,340.0,73.0,142.0,0.9945,8.05,0.37,11.4,1,17.0,1,0,0,0,0,8.146499524506483
104,0.27,9.05,390.0,37.0,128.0,0.9936,8.27,0.34,11.3,1,13.8,1,0,0,0,0,8.48098825581221
105,0.21,7.1,400.0,35.0,162.0,0.9956,8.39,0.58,9.9,1,12.8,1,0,0,0,0,7.765298662743252
106,0.22,10.2,490.0,57.0,191.0,0.9966,8.08,0.4,9.3,1,15.2,0,1,0,0,0,7.251382796164831
107,0.21,1.5,490.0,39.0,184.0,0.9928,8.18,0.41,9.9,1,13.2,0,1,0,0,0,7.210607059048514
108,0.23,6.3,510.0,35.0,240.0,0.9963,8.36,0.54,10.0,1,14.6,1,0,1,0,0,7.871671813566775
109,0.24,15.1,300.0,34.0,153.0,0.9953,8.129999999999999,0.51,12.0,1,14.8,1,0,0,1,0,8.548831836045885
110,0.33,1.0,540.0000000000001,24.0,164.0,0.9926,8.42,0.51,10.5,1,13.8,1,0,1,0,0,7.993101851061742
111,0.2,11.5,490.0,44.0,157.0,0.998,8.27,0.44,9.0,1,14.8,1,0,0,1,0,7.220662447251077
112,0.42,1.6,559.9999999999999,34.0,181.0,0.9968,8.11,0.46,10.0,1,20.0,0,1,1,0,0,7.435347720908355
113,0.3,7.8,490.0,57.0,202.0,0.9958,8.24,0.39,9.5,1,13.2,1,0,0,0,0,7.507541598916925
114,0.4,17.85,490.0,50.0,185.0,1.0,8.34,0.42,9.6,1,14.4,1,0,0,0,0,7.651048138248359
115,0.42,14.3,450.0,45.0,213.0,0.9991,8.18,0.63,9.2,1,15.4,0,1,0,0,0,7.359226548625398
116,0.33,10.3,390.0,73.0,212.0,0.9969,7.93,0.49,9.5,1,15.8,1,0,0,0,0,7.7035263104164855
117,0.33,10.3,390.0,73.0,212.0,0.9969,7.93,0.49,9.5,1,15.8,1,0,0,0,0,7.7035263104164855
118,0.36,5.7,380.0,26.0,98.0,0.9914,7.93,0.59,12.5,1,14.4,0,1,0,0,0,8.747228703515727
119,0.3,2.1,490.0,21.0,153.0,0.9953,8.09,0.5,9.6,1,16.6,1,0,0,0,0,7.5128394239499645
120,0.26,1.3,410.0,20.0,71.0,0.9926,8.04,0.74,9.9,1,14.2,1,0,1,0,0,7.804132726054161
121,0.34,9.3,620.0,40.0,126.0,0.9966,8.21,0.39,9.6,1,15.2,1,0,1,0,0,7.903539267041364
122,0.27,1.7,279.99999999999994,10.0,59.0,0.9923,7.9700000000000015,0.48,10.4,1,16.4,0,1,0,0,0,6.995824097172655
123,0.36,1.6,400.0,25.0,87.0,0.9924,8.23,0.66,10.3,1,13.6,1,0,0,0,0,7.752188008271741
124,0.27,4.6,800.0,34.0,172.0,0.9938,8.23,0.39,11.1,1,14.6,1,0,1,0,0,8.0951153395085
125,0.35,1.2,310.0,27.0,84.0,0.9928,8.33,0.34,9.9,1,14.4,1,0,1,0,0,7.944605948778399
126,0.32,7.6,520.0,35.0,143.0,0.9959,8.14,0.38,9.0,1,13.6,0,1,0,0,0,7.2931161032280185
127,0.3,7.8,490.0,39.0,152.0,0.9954,7.99,0.58,10.0,1,16.2,1,0,0,0,0,7.791695794035353
128,0.42,1.1,510.0,61.0,197.0,0.9932,8.02,0.4,9.0,1,11.4,1,0,0,1,0,7.2928663941301535
129,0.31,1.4,460.0,37.0,135.0,0.9939,8.34,0.57,10.2,1,14.4,1,0,1,0,0,8.009697359975311
130,0.46,1.4,460.0,34.0,185.0,0.9966,8.02,0.49,10.2,1,19.8,0,0,0,0,1,7.4005472144969735
131,0.38,4.3,440.00000000000006,49.0,172.0,0.996,8.370000000000001,0.74,10.8,1,16.2,1,0,0,0,0,8.292673982451745
132,0.13,17.2,360.00000000000006,49.0,219.0,0.9996,7.96,0.46,9.7,1,16.0,1,0,0,0,0,7.5707683623401625
133,0.31,1.0,240.0,13.0,91.0,0.993,7.79,0.37,10.1,1,17.0,1,0,1,0,0,7.300880351247876
134,0.42,6.9,460.0,50.0,173.0,0.9958,8.19,0.46,9.0,1,13.6,0,1,0,0,0,7.323411595374276
135,0.3,3.2,300.0,49.0,164.0,0.9927,8.53,0.79,11.7,1,12.6,1,0,0,1,0,8.585338865944486
136,0.5,12.8,420.0,57.0,184.0,0.9984,8.09,0.46,9.0,1,15.0,0,1,0,0,0,7.325882497072609
137,0.3,14.2,559.9999999999999,53.0,212.5,0.999,8.14,0.46,8.9,1,15.2,1,0,0,0,0,8.11223233596054
138,0.33,14.6,430.0,47.0,168.0,0.9994,8.34,0.67,8.8,1,14.0,1,0,0,0,0,7.932107087668643
139,0.33,14.6,430.0,47.0,168.0,0.9994,8.34,0.67,8.8,1,14.0,1,0,0,0,0,7.932107087668643
140,0.3,8.1,260.0,14.0,71.0,0.993,7.939999999999999,0.36,11.8,1,18.0,0,1,0,1,0,7.854925343574027
141,0.3,8.1,260.0,14.0,71.0,0.993,7.939999999999999,0.36,11.8,1,18.0,0,1,0,1,0,7.854925343574027
142,0.35,0.6,420.0,11.0,71.0,0.9926,8.08,0.38,10.6,1,17.4,1,0,0,0,0,7.518773807056805
143,0.27,4.8,279.99999999999994,22.0,104.0,0.9948,8.34,0.45,9.2,1,11.2,1,0,1,0,0,7.791450335149688
144,0.43,9.2,460.0,22.0,126.0,0.9982,8.379999999999999,0.47,9.3,1,16.6,0,1,0,0,0,7.537090229645961
145,0.44,6.6,520.0,28.0,156.0,0.9955,8.14,0.41,9.6,1,13.6,0,1,0,0,0,7.331421016290131
146,0.27,18.15,420.0,41.0,146.0,1.0001,8.3,0.36,8.7,1,13.6,1,0,0,0,0,7.569780454043407
147,0.31,4.9,310.0,20.0,151.0,0.9926,8.36,0.82,12.0,1,13.4,0,1,0,0,0,8.707846921001103
148,0.33,1.8,360.00000000000006,23.0,96.0,0.9925,8.32,0.4,10.8,1,13.4,1,0,0,0,0,8.117600931826276
149,0.25,1.6,300.0,25.0,126.0,0.9901,8.22,0.34,12.1,1,14.2,0,1,0,0,0,8.373417425913836
150,0.3,1.3,570.0,25.0,173.0,0.9948,8.26,0.51,9.1,1,14.6,0,1,0,0,0,7.258028202002931
151,0.26,5.2,400.0,31.0,140.0,0.995,8.26,0.68,9.5,1,13.0,1,0,1,0,0,7.959109452560954
152,0.27,5.6,430.0,43.0,164.0,0.9953,8.27,0.76,9.5,1,13.2,1,0,0,0,0,7.583628677720712
153,0.19,8.0,440.00000000000006,51.0,172.0,0.9964,8.16,0.44,9.2,1,14.4,1,0,0,0,0,7.390599838843699
154,0.19,7.7,450.0,53.0,176.0,0.9958,8.17,0.38,9.5,1,14.4,1,0,0,0,0,7.375092421549505
155,0.4,8.9,480.0,33.0,146.0,0.9988,8.4,0.46,9.3,1,16.8,1,0,0,0,0,7.662267691178097
156,0.31,10.7,380.0,59.0,186.0,0.9969,8.120000000000001,0.55,9.5,1,15.4,1,0,0,0,0,7.636376362294799
157,0.25,17.1,500.0,44.0,138.0,1.0001,8.3,0.37,8.8,1,13.0,1,0,0,0,0,7.4797226909286465
158,0.32,3.1,410.0,18.0,126.0,0.9914,8.43,0.42,12.0,1,12.8,1,0,0,0,0,8.478241123066216
159,0.28,4.9,350.00000000000006,36.0,109.0,0.9918,8.19,0.58,12.2,1,15.4,0,1,0,0,0,8.6725432249893
160,0.27,2.1,300.0,22.0,162.0,0.9914,7.99,0.68,11.9,1,16.6,1,0,0,0,0,8.311115711565503
161,0.26,7.1,540.0000000000001,41.0,224.0,0.9966,8.379999999999999,0.55,10.1,1,14.4,1,0,1,0,0,7.943816274177546
162,0.52,13.2,470.0,64.0,179.0,0.9982,8.1,0.46,9.0,1,15.0,1,0,0,0,0,7.746318806777863
163,0.32,2.7,370.00000000000006,18.0,89.0,0.9924,8.4,0.74,11.5,1,13.0,1,0,1,0,0,8.471265985294519
164,0.31,10.0,540.0000000000001,49.0,165.0,0.997,8.4,0.42,9.9,1,14.4,1,0,0,0,0,7.7679257420862715
165,0.35,15.3,559.9999999999999,31.0,117.0,0.9998,8.27,0.5,9.6,1,15.4,1,0,0,0,0,7.698309662388543
166,0.33,2.1,520.0,15.0,76.0,0.993,8.2,0.41,10.6,1,14.0,1,0,0,0,0,7.587048229986087
167,0.39,1.9,540.0000000000001,23.0,91.0,0.9941,8.27,0.45,10.3,1,15.0,1,0,1,0,0,7.91996797580198
168,0.45,8.6,520.0,34.0,187.0,0.9994,8.120000000000001,0.59,10.2,1,19.6,0,1,1,0,0,7.680823410592563
169,0.28,18.8,279.99999999999994,55.0,130.0,0.998,7.96,0.35,11.6,1,16.8,1,0,0,0,0,8.090638363205656
170,0.3,12.8,530.0,48.5,229.0,0.9986,8.14,0.49,9.1,1,14.8,1,0,1,0,0,8.73597845209701
171,0.25,3.8,440.00000000000006,30.0,114.0,0.992,8.11,0.4,11.0,1,14.8,1,0,0,0,0,8.11683633712404
172,0.24,6.6,400.0,38.0,141.0,0.995,8.22,0.47,9.5,1,12.6,0,1,0,0,0,7.364110152446613
173,0.35,10.7,370.00000000000006,34.0,145.0,0.9981,8.09,0.32,9.7,1,18.4,1,0,0,0,0,7.683801958953443
174,0.26,1.1,370.00000000000006,20.0,71.0,0.9902,8.1,0.38,11.7,1,14.0,1,0,0,0,0,7.994901900713345
175,0.35,1.5,390.0,24.0,125.0,0.9918,8.17,0.64,12.2,1,14.0,0,1,0,0,0,8.360005667966547
176,0.29,1.4,470.0,23.0,107.0,0.9939,8.52,0.65,10.4,1,14.8,1,0,1,0,0,8.047528536832168
177,0.34,13.8,410.0,32.0,161.0,0.9981,8.129999999999999,0.4,9.9,1,17.0,1,0,0,0,0,7.788074423950714
178,0.28,10.8,510.0,25.0,157.0,0.9957,8.06,0.47,11.4,1,16.0,1,0,0,1,0,8.085816693826693
179,0.35,9.2,340.0,42.0,150.0,0.9947,8.21,0.36,11.5,1,13.8,1,0,0,0,0,8.37570957448304
180,0.31,2.8,540.0000000000001,16.0,89.0,0.99416,7.96,0.45,9.5,1,16.8,1,0,0,0,0,7.452380298433468
181,0.35,1.6,490.0,10.0,164.0,0.99516,8.35,0.51,9.7,1,13.0,0,1,0,0,0,7.1617581505810515
182,0.42,8.5,480.0,10.0,147.0,0.9974,8.32,0.46,9.5,1,13.8,1,0,0,1,0,7.176776178124451
183,0.18,8.2,420.0,41.0,180.0,0.99644,8.16,0.49,9.1,1,14.4,1,0,0,0,0,7.388214785829713
184,0.19,7.8,400.0,48.0,184.0,0.99579,8.16,0.5,9.4,1,14.2,1,0,0,0,0,7.375825594837542
185,0.2,14.9,600.0,37.0,162.0,0.9983,8.129999999999999,0.45,9.0,1,12.8,0,1,0,0,0,7.1747631596882995
186,0.29,1.7,470.0,16.0,100.0,0.99243,8.28,0.45,10.6,1,14.8,1,0,0,0,0,7.615044054451605
187,0.18,7.7,480.0,45.0,186.0,0.9962,8.23,0.47,9.0,1,12.6,1,0,0,0,0,7.3150317974275625
188,0.54,17.3,600.0,46.0,235.0,1.0018200000000002,8.08,0.61,8.8,1,18.4,0,1,0,0,0,7.453902079982441
189,0.35,1.4,390.0,24.0,128.0,0.99212,7.9700000000000015,0.68,10.4,1,14.2,1,0,1,0,0,8.139506361163829
190,0.54,1.4,1570.0,34.0,132.0,0.99449,8.11,0.53,9.0,1,14.4,0,1,0,0,0,7.26827027881291
191,0.21,15.7,559.9999999999999,49.0,159.0,0.99827,8.11,0.48,9.0,1,13.8,0,1,0,0,0,7.180920375089093
192,0.3,1.3,330.0,25.0,91.0,0.99268,8.53,0.39,10.6,1,14.8,1,0,1,0,0,8.136583739049133
193,0.52,1.3,1480.0000000000002,45.0,149.0,0.99468,8.08,0.56,8.7,1,14.2,1,0,0,1,0,7.274115222261739
194,0.25,1.3,470.0,20.0,77.0,0.9933,8.61,0.54,10.2,1,12.8,1,0,1,0,0,7.892204812102464
195,0.22,1.3,460.0,18.0,66.0,0.99307,8.61,0.55,10.3,1,12.6,1,0,1,0,0,7.847159891152906
196,0.26,15.6,490.0,67.0,210.0,0.99907,8.06,0.68,9.5,1,14.8,0,1,0,0,0,7.329710784279593
197,0.26,15.6,490.0,67.0,210.0,0.99907,8.06,0.68,9.5,1,14.8,0,1,0,0,0,7.329710784279593
198,0.28,6.5,370.00000000000006,26.0,97.0,0.99148,8.16,0.58,12.6,1,14.6,1,0,0,1,0,8.853328071375964
199,0.28,2.7,470.0,38.0,150.0,0.99365,8.1,0.56,10.8,1,17.2,1,0,1,0,0,8.047195287669973
200,0.42,10.6,420.0,66.0,202.0,0.99674,8.24,0.53,9.5,1,13.0,1,0,0,0,0,7.533979399938563
201,0.18,3.5,270.00000000000006,23.0,109.0,0.99018,8.34,0.54,12.8,1,12.6,1,0,0,1,0,8.655706926979143
202,0.33,2.3,430.0,28.0,125.0,0.99084,8.34,0.44,12.6,1,14.6,0,1,0,0,0,8.797707820298312
203,0.2,1.4,600.0,15.0,168.0,0.9944,8.06,0.4,9.4,1,15.0,1,0,0,1,0,7.123638413976059
204,0.3,5.0,400.0,40.0,143.0,0.99173,8.33,0.42,12.2,1,14.0,0,1,0,0,0,8.677667500065287
205,0.55,14.6,530.0,34.0,159.0,0.99805,7.93,0.44,9.2,1,13.6,1,0,0,0,0,7.707730432623422
206,0.62,10.6,450.0,51.0,153.0,0.99779,8.16,0.44,8.8,1,15.0,1,0,0,0,0,7.446165145886565
207,0.35,9.8,670.0,61.0,180.0,0.9972,8.15,0.57,9.0,1,13.0,1,0,0,0,0,7.526444415375921
208,0.22,13.3,480.0,46.0,212.0,0.99942,8.47,0.59,10.0,1,15.8,0,1,0,0,0,7.471315202733238
209,0.29,1.7,350.00000000000006,39.0,144.0,0.9927,8.49,0.5,10.5,1,13.0,1,0,1,0,0,8.149055901890783
210,0.26,12.6,530.0,44.0,182.0,0.99802,8.42,0.42,9.7,1,13.4,1,0,0,0,0,7.567371646258292
211,0.73,7.2,990.0,47.0,202.0,0.99582,8.21,0.43,9.2,1,12.4,1,0,0,1,0,7.244487208818063
212,0.18,3.0,360.00000000000006,5.0,85.0,0.99125,8.28,0.4,11.5,1,12.0,0,1,0,0,0,6.702146011255921
213,0.34,1.5,910.0,42.0,135.0,0.9938,8.25,0.49,9.6,1,12.8,1,0,1,0,0,7.846113362684432
214,0.25,17.75,470.0,25.0,218.0,1.00016,7.98,0.66,9.1,1,16.8,0,1,0,0,0,7.363033696211674
215,0.42,2.0,470.0,16.0,104.0,0.99517,8.09,0.66,10.0,1,18.4,1,0,1,0,0,7.740081762172332
216,0.49,2.0,440.00000000000006,18.0,107.0,0.99514,8.1,0.53,10.2,1,18.4,1,0,1,0,0,7.842694738350949
217,0.28,8.2,380.0,72.0,202.0,0.99566,8.120000000000001,0.56,10.0,1,16.0,1,0,0,0,0,7.760730385194749
218,0.41,19.35,700.0000000000001,67.0,207.0,1.00118,8.39,0.53,9.1,1,12.2,0,1,0,0,0,7.467348680974237
219,0.18,7.7,960.0,28.0,210.0,0.99771,8.56,0.72,9.2,1,12.4,1,0,0,1,0,7.322994150597761
220,0.18,7.7,960.0,28.0,210.0,0.99771,8.56,0.72,9.2,1,12.4,1,0,0,1,0,7.322994150597761
221,0.17,8.3,420.0,61.0,195.0,0.99577,8.22,0.46,9.4,1,12.8,1,0,0,0,0,7.3425191579448175
222,0.17,8.4,440.00000000000006,60.0,198.0,0.99578,8.21,0.47,9.4,1,12.8,1,0,0,0,0,7.327512036116823
223,0.27,17.5,450.0,48.0,253.0,1.00014,8.02,0.56,9.1,1,16.6,1,0,0,0,0,7.714321085906248
224,0.35,5.6,340.0,9.0,148.0,0.99441,8.17,0.5,9.8,1,12.8,0,1,0,0,0,7.380321352668541
225,0.34,2.6,510.0,40.5,210.0,0.99314,8.15,0.61,10.0,1,13.2,0,1,0,0,0,7.320676532623645
226,0.26,8.2,420.0,21.0,133.0,0.99612,8.43,0.64,9.8,1,13.0,1,0,0,0,0,7.571271058969655
227,0.15,10.0,370.00000000000006,38.0,157.0,0.99642,8.28,0.52,9.4,1,13.2,0,1,0,1,0,7.373137137953513
228,0.36,7.4,370.00000000000006,36.0,156.0,0.99592,8.19,0.54,10.6,1,16.2,0,1,0,0,0,7.632786373675034
229,0.23,10.3,320.0,12.0,97.0,0.99571,8.129999999999999,0.4,10.7,1,17.6,1,0,0,0,0,7.4962624489737975
230,0.21,15.55,430.0,20.0,142.0,0.99658,8.11,0.54,10.1,1,12.0,1,0,0,0,0,7.3821970916015225
231,0.24,5.3,750.0,49.0,201.0,0.99466,8.21,0.43,9.5,1,12.0,1,0,0,0,0,7.345211051693078
232,0.23,12.7,540.0000000000001,20.0,139.0,0.99836,8.16,0.5,9.7,1,15.2,0,1,0,0,0,7.207197769839396
233,0.36,18.1,460.0,32.0,133.0,1.0,8.27,0.48,8.8,1,13.6,1,0,0,0,0,7.594578390852108
234,0.4,6.4,390.0,39.0,191.0,0.99513,8.14,0.52,9.8,1,12.8,0,1,0,0,0,7.431252324612647
235,0.31,5.2,320.0,36.0,140.0,0.99166,8.35,0.47,12.3,1,14.2,0,1,0,0,0,8.760253472971018
236,0.3,4.7,290.0,34.0,148.0,0.99165,8.36,0.49,12.3,1,13.8,0,1,0,0,0,8.824184503647137
237,0.29,11.3,340.0,61.0,224.0,0.99683,8.14,0.56,9.5,1,14.6,0,1,0,1,0,7.583949936079113
238,0.33,1.4,290.0,35.0,138.0,0.99114,8.36,0.6,11.5,1,13.0,1,0,1,0,0,8.485099541639046
239,0.3,1.7,430.0,19.0,95.0,0.99207,8.17,0.46,10.7,1,13.6,1,0,0,0,0,7.682852857362808
240,0.14,8.6,320.0,30.0,142.0,0.99542,8.28,0.44,9.5,1,11.8,1,0,0,0,0,7.426965923092196
241,0.34,12.1,300.0,34.0,177.0,0.99706,8.129999999999999,0.47,10.6,1,18.0,1,0,0,0,0,7.9818961694301205
242,0.25,17.3,460.0,15.0,110.0,0.99828,8.15,0.42,9.2,1,13.0,1,0,0,0,0,7.428121020050525
243,0.14,4.8,520.0,27.0,128.0,0.99475,8.21,0.48,9.4,1,12.4,0,1,0,0,0,7.21941605377897
244,0.64,12.9,330.0,54.0,170.0,0.998,8.0,0.53,8.8,1,15.2,1,0,0,0,0,7.571316689446995
245,0.16,14.9,480.0,59.0,240.0,0.99902,8.129999999999999,0.45,8.9,1,14.6,0,1,0,0,0,7.266022144553414
246,0.36,7.0,430.0,60.0,207.0,0.99556,8.16,0.49,9.6,1,13.6,1,0,0,0,0,7.586721864147122
247,0.24,8.6,340.0,25.0,135.0,0.99582,8.33,0.59,10.3,1,13.2,1,0,0,0,0,7.76321989543612
248,0.42,10.4,380.0,85.0,182.0,0.99628,8.04,0.44,8.9,1,13.4,1,0,1,0,0,7.969191087600171
249,0.4,10.0,390.0,74.0,227.0,0.99582,8.18,0.5,9.4,1,13.0,1,0,0,0,0,7.531436714970256
250,0.26,18.95,530.0,36.0,174.0,0.99976,8.2,0.5,10.4,1,15.4,0,1,0,0,0,7.545986973705617
251,0.3,12.8,620.0,19.0,171.0,0.99808,8.0,0.52,9.0,1,13.6,1,0,1,0,0,8.754586783676361
252,0.1,1.4,680.0,25.0,154.0,0.99499,8.2,0.48,9.7,1,14.4,1,0,1,1,0,6.75696142265734
253,0.32,8.2,240.0,53.0,209.0,0.99563,8.120000000000001,0.46,10.8,1,15.0,1,0,0,0,0,7.876683830037879
254,0.46,11.1,530.0,44.0,177.0,0.99691,8.18,0.67,9.4,1,12.6,1,0,0,0,0,7.455216367708488
255,0.41,14.2,390.0,47.0,129.0,0.99678,8.28,0.72,10.3,1,13.0,1,0,1,0,0,8.2387776893705
256,0.28,20.4,410.0,40.0,144.0,1.0002,8.14,0.38,8.7,1,13.0,1,0,0,0,0,7.614454672803605
257,0.52,10.1,500.0,29.0,140.0,0.99628,8.07,0.4,9.4,1,13.2,0,1,0,0,0,7.320794648523101
258,0.0,1.3,440.00000000000006,72.0,197.0,0.99202,8.56,0.43,10.9,1,11.6,1,0,1,1,0,8.240778368657951
259,0.36,1.2,460.0,9.0,71.0,0.99199,8.7,0.68,10.9,1,11.4,1,0,1,0,0,6.860475962609449
260,0.31,2.3,180.00000000000003,45.0,80.0,0.98936,8.06,0.34,12.9,1,14.6,1,0,0,0,0,8.659526997721938
261,0.22,5.95,810.0,76.0,303.0,0.99705,8.4,0.57,9.4,1,13.8,1,0,0,1,0,7.088394057420395
262,0.34,6.6,670.0,35.0,156.0,0.99542,8.11,0.48,9.3,1,13.4,0,1,0,0,0,7.3417568210266895
263,0.34,6.6,300.0,36.0,91.0,0.9914,8.32,0.45,12.5,1,12.4,1,0,0,0,0,8.869329872388839
264,0.25,1.6,360.00000000000006,28.0,143.0,0.99256,8.3,0.54,10.3,1,13.4,1,0,0,0,0,7.848093456382866
265,0.32,1.2,240.0,20.0,166.0,0.99208,8.05,0.54,9.8,1,13.8,0,1,0,0,0,7.414179850667275
266,0.36,16.3,380.0,43.0,133.0,0.99924,8.26,0.41,8.8,1,13.0,1,0,0,0,0,7.585327760274867
267,0.34,13.7,440.00000000000006,66.0,184.0,0.99976,8.22,0.75,8.9,1,15.6,1,0,0,0,0,7.860342681338069
268,0.29,1.1,279.99999999999994,18.0,69.0,0.99168,8.24,0.54,10.0,1,10.4,1,0,0,0,0,7.608391336205489
269,0.31,6.5,290.0,53.0,160.0,0.99276,8.03,0.38,10.9,1,15.0,1,0,1,0,0,8.183952902220343
270,0.27,5.2,300.0,32.0,101.0,0.99172,8.22,0.62,12.3,1,15.2,1,0,0,1,0,8.715598838685743
271,0.32,16.4,450.0,62.0,153.0,0.9972,8.22,0.42,10.5,1,13.8,1,0,0,0,0,7.82247283241334
272,0.28,12.4,510.0,86.0,213.0,0.9962,8.16,0.51,9.9,1,13.0,0,1,0,0,0,7.364189541826208
273,0.34,2.6,490.0,13.0,135.0,0.99335,8.09,0.51,10.0,1,15.8,0,1,0,1,0,7.087428180563174
274,0.28,4.8,340.0,25.0,100.0,0.99026,8.08,0.47,12.4,1,13.6,0,1,0,0,0,8.668358579635315
275,0.19,12.3,480.0,54.0,145.0,0.99668,8.16,0.42,9.3,1,12.6,1,0,0,0,0,7.4020639639847445
276,0.33,11.8,570.0,48.0,127.0,0.99693,8.1,0.55,10.0,1,14.6,1,0,0,0,0,7.825287037384798
277,0.34,1.8,450.0,96.0,170.0,0.99035,8.379999999999999,0.9,11.8,1,11.6,1,0,1,0,0,8.705740101083324
278,0.36,1.4,360.00000000000006,38.0,108.0,0.99006,8.19,0.66,12.0,1,13.6,1,0,1,0,0,8.344003870435193
279,0.3,6.6,250.0,15.0,138.0,0.99126,8.18,0.46,12.6,1,14.2,1,0,0,1,0,8.486564479323405
280,0.34,11.8,590.0,42.0,240.0,0.99882,8.17,0.52,10.0,1,17.2,0,1,0,0,0,7.434370015420561
281,0.35,5.8,550.0,25.0,144.0,0.99576,8.24,0.54,10.2,1,15.4,1,0,1,0,0,7.931828686788493
282,0.15,1.3,600.0,51.0,154.0,0.99354,8.14,0.51,8.7,1,12.0,1,0,0,0,0,7.324770483238657
283,0.34,1.2,480.0,4.0,119.0,0.99084,8.18,0.34,12.1,1,15.4,0,1,0,0,0,7.808054826965324
284,0.29,10.8,279.99999999999994,17.0,118.0,0.99356,8.18,0.37,11.2,1,12.8,1,0,0,0,0,8.396857690411336
285,0.36,1.9,430.0,24.0,111.0,0.99237,8.29,0.54,11.3,1,15.2,1,0,0,0,0,8.098541841900065
286,0.6,65.8,740.0000000000001,8.0,160.0,1.03898,8.39,0.69,11.7,1,15.6,0,1,1,0,0,6.888858930532849
287,0.25,20.2,830.0,35.0,157.0,0.99976,8.17,0.5,9.1,1,12.8,1,0,0,0,0,7.460585702303055
288,0.3,2.2,330.0,39.0,107.0,0.98894,8.22,0.53,13.5,1,13.0,0,1,0,0,0,8.735066309123168
289,0.53,10.1,530.0,37.0,151.0,0.9963,8.07,0.4,9.4,1,13.6,0,1,0,0,0,7.285359560706834
290,0.32,14.0,310.0,16.0,99.0,0.99437,8.26,0.38,11.5,1,11.0,1,0,1,0,0,8.50748345361593
291,0.26,1.6,400.0,36.0,123.0,0.99238,8.34,0.44,10.8,1,14.6,1,0,0,0,0,8.411130810459397
292,0.71,11.8,380.0,52.0,148.0,0.99801,8.03,0.46,8.9,1,15.0,1,0,1,0,0,8.205991327044718
293,0.72,9.6,390.0,53.0,151.0,0.99802,8.03,0.46,8.9,1,15.0,1,0,1,0,0,8.177266917961383
294,0.48,6.1,420.0,60.0,184.0,0.99566,8.2,0.5,9.4,1,14.0,1,0,0,0,0,7.516008626919094
295,0.31,2.7,490.0,25.0,153.0,0.99067,8.44,0.73,12.2,1,11.6,0,1,0,0,0,8.593540075289331
296,0.31,3.6,250.0,22.0,100.0,0.99066,7.99,0.47,12.1,1,15.6,1,0,0,0,0,8.446982294857936
297,0.47,10.6,520.0,69.0,148.0,0.9958,7.91,0.34,9.3,1,12.0,1,0,1,0,0,7.841312721743639
298,0.46,6.2,559.9999999999999,42.0,241.0,0.9968,8.5,0.6,9.9,1,13.2,1,0,0,1,0,7.5013766989745605
299,0.34,11.6,500.0,59.0,140.0,0.99526,8.22,0.4,10.8,1,13.2,1,0,0,0,0,7.859426908301591
300,0.28,3.4,480.0,22.0,112.0,0.99188,8.21,0.37,11.3,1,14.4,1,0,0,1,0,8.131098572100258
301,0.29,0.9,340.0,34.0,89.0,0.98936,8.14,0.36,11.1,1,11.6,1,0,0,0,0,8.158520177650898
302,0.38,1.3,460.0,24.0,90.0,0.99232,8.2,0.47,10.0,1,11.8,1,0,0,0,0,7.681478298160191
303,0.37,10.0,1689.9999999999998,22.0,210.0,0.99776,8.02,0.64,9.5,1,15.4,1,0,0,1,0,7.413310337231917
304,0.39,1.0,410.0,37.0,154.0,0.99093,8.08,0.43,11.9,1,15.8,1,0,0,0,0,8.194643769606587
305,0.26,5.0,270.00000000000006,46.0,143.0,0.9924,8.25,0.43,11.2,1,13.8,0,1,0,0,0,8.424667618771608
306,0.58,1.25,340.0,29.0,129.0,0.98984,8.51,0.6,12.0,1,11.2,1,0,1,0,0,8.517863995656336
307,0.32,1.6,279.99999999999994,12.0,90.0,0.99008,8.57,0.52,12.2,1,10.2,1,0,1,0,0,8.54927864843815
308,0.39,1.0,279.99999999999994,40.0,101.0,0.99156,8.57,0.59,10.6,1,10.6,1,0,1,0,0,8.131912858927034
309,0.38,1.7,370.00000000000006,20.0,84.0,0.99046,8.09,0.53,11.4,1,13.4,1,0,1,0,0,8.158183997353866
310,0.32,1.6,450.0,38.0,95.0,0.98946,8.23,0.94,12.4,1,11.6,1,0,0,0,0,8.361344248297659
311,0.3,1.1,290.0,24.0,88.0,0.98883,8.18,0.39,11.7,1,11.4,0,1,0,0,0,8.222176215695077
312,0.36,11.1,320.0,21.0,132.0,0.99313,7.95,0.39,13.0,1,16.8,0,1,0,0,0,8.37648313464357
313,0.3,4.7,410.0,40.0,148.0,0.9932,8.16,0.35,10.2,1,13.8,1,0,0,0,0,7.7498322088182405
314,0.36,1.4,440.00000000000006,22.0,68.0,0.99014,8.15,0.5,11.7,1,12.8,1,0,1,0,0,8.069781724087802
315,0.46,9.7,540.0000000000001,67.0,234.0,0.99848,8.23,0.5,9.0,1,13.4,1,0,0,1,0,7.274099967934135
316,0.28,0.8,320.0,25.0,78.0,0.99104,7.99,0.38,11.1,1,17.2,1,0,1,0,0,8.057958709786563
317,0.26,1.7,730.0,40.0,157.0,0.9938,8.1,0.46,9.8,1,15.2,0,1,0,0,0,7.238141265197812
318,0.25,1.1,350.00000000000006,26.0,81.0,0.9902,8.31,0.52,11.4,1,11.4,1,0,0,0,0,8.194348145565288
319,0.32,2.2,279.99999999999994,36.0,92.0,0.99076,8.27,0.59,11.9,1,13.0,1,0,0,0,0,8.642874427954201
320,0.3,1.2,460.0,49.0,199.0,0.99413,8.03,0.38,9.3,1,15.4,1,0,1,0,0,7.85815893337996
321,0.38,1.0,410.0,22.0,81.0,0.99043,8.03,0.54,11.4,1,13.8,1,0,1,0,0,8.134588579519754
322,0.38,1.0,410.0,22.0,81.0,0.99043,8.03,0.54,11.4,1,13.8,1,0,1,0,0,8.134588579519754
323,0.28,2.2,190.0,15.0,65.0,0.9902,8.06,0.52,11.2,1,11.4,1,0,0,0,0,8.079217936355265
324,0.4,11.9,320.0,13.0,92.0,0.99629,8.01,0.46,10.8,1,14.8,1,0,0,0,0,7.711337592960773
325,0.3,7.8,380.0,67.0,196.0,0.99555,8.1,0.5,10.1,1,15.4,1,0,0,0,0,7.787527925534569
326,0.4,1.3,410.0,81.0,147.0,0.9901,8.22,0.95,11.6,1,11.2,1,0,0,0,0,8.32434569280439
327,0.29,10.3,390.0,41.0,98.0,0.99564,8.19,0.38,9.8,1,14.0,1,0,1,0,0,8.043337833582154
328,0.3,8.7,220.00000000000003,14.0,111.0,0.99576,8.11,0.61,10.6,1,14.4,0,1,0,0,0,7.4707524206392755
329,0.34,14.05,400.0,41.0,114.0,0.99634,8.07,0.59,11.0,1,15.4,1,0,1,0,0,8.283279271888336
330,0.38,13.1,1119.9999999999998,14.0,94.0,0.99792,8.02,0.48,9.2,1,13.8,0,1,0,0,0,7.08371497504044
331,0.39,9.6,260.0,34.0,124.0,0.99286,8.18,0.35,12.1,1,13.6,0,1,0,0,0,8.68849037666364
332,0.28,11.1,330.0,30.0,97.0,0.99507,8.03,0.39,10.5,1,17.0,1,0,0,0,0,7.8256503479526005
333,0.3,10.55,370.00000000000006,4.0,28.0,0.99184,8.07,0.32,12.7,1,13.8,0,1,0,0,0,7.48356172799784
334,0.36,0.8,340.0,32.0,111.0,0.98942,8.11,0.5,12.1,1,13.0,0,1,0,0,0,8.388757265246422
335,0.27,10.9,380.0,29.0,130.0,0.99496,8.11,0.44,10.5,1,13.2,1,0,0,0,0,7.851938074193974
336,0.36,1.2,340.0,26.0,111.0,0.99074,8.16,0.51,11.0,1,12.6,1,0,1,0,0,8.213879755650662
337,0.32,1.1,360.00000000000006,74.0,184.0,0.99096,8.22,0.41,11.0,1,12.4,1,0,1,0,0,8.189155689712283
338,0.32,4.5,320.0,58.0,178.0,0.98956,8.45,0.31,12.6,1,10.0,1,0,0,0,0,9.48935918610983
339,0.3,8.25,200.0,14.0,104.0,0.99362,7.99,0.44,11.4,1,14.4,0,1,0,0,0,8.293859368501579
340,0.35,11.7,290.0,3.0,46.0,0.99439,8.02,0.34,11.8,1,16.8,0,1,0,0,0,7.151906499335968
341,0.29,4.6,460.0,6.0,88.0,0.99458,8.34,0.48,10.6,1,13.6,1,0,0,0,0,7.43831951582037
342,0.22,11.7,350.00000000000006,44.0,150.0,0.99578,8.1,0.45,10.4,1,14.8,0,1,0,0,0,7.43263693482063
343,0.29,14.8,240.0,22.0,142.0,0.99518,8.120000000000001,0.48,12.0,1,14.2,1,0,0,1,0,8.515376390104132
344,0.29,14.8,240.0,22.0,142.0,0.99518,8.120000000000001,0.48,12.0,1,14.2,1,0,0,1,0,8.515376390104132
345,0.34,3.5,540.0000000000001,26.0,189.0,0.99489,8.42,0.58,10.4,1,13.6,1,0,0,0,0,7.907441624196464
346,0.45,2.1,270.00000000000006,43.0,104.0,0.99054,8.02,0.52,11.3,1,13.0,1,0,0,0,0,8.325547945331774
347,0.29,12.2,440.00000000000006,59.0,196.0,0.99782,8.14,0.4,8.8,1,12.6,1,0,0,0,0,7.526122281447004
348,0.41,16.8,370.00000000000006,58.0,173.0,0.99882,8.25,0.57,9.4,1,12.4,0,1,0,0,0,7.762372218327252
349,1.0,1.1,1540.0,46.0,114.0,0.9931,7.95,0.43,9.2,1,14.4,1,0,0,0,0,7.498012063651334
350,0.66,10.2,430.0,78.0,175.0,0.9945,7.98,0.43,10.4,1,11.2,1,0,0,0,0,7.735457699087192
351,0.54,7.0,460.0,58.0,176.0,0.99454,8.19,0.7,10.4,1,12.4,1,0,0,0,0,7.773064139695848
352,0.43,6.1,290.0,6.0,76.0,0.99118,8.08,0.5,12.5,1,14.0,0,1,0,1,0,7.620824045441256
353,0.4,1.5,420.0,23.0,87.0,0.98972,8.11,0.46,12.2,1,12.8,1,0,1,0,0,8.282671979437577
354,0.34,4.9,320.0,9.0,125.0,0.99253,8.32,0.81,12.0,1,13.2,0,1,0,0,0,8.161743770243012
355,0.54,7.0,460.0,58.0,176.0,0.99454,8.19,0.7,10.4,1,12.4,1,0,0,0,0,7.773064139695848
356,0.4,9.9,360.00000000000006,24.0,88.0,0.9951,8.02,0.42,10.5,1,17.0,1,0,0,0,0,7.735942033356357
357,0.34,9.5,410.0,38.0,201.0,0.995,8.14,0.44,10.1,1,12.2,1,0,0,0,0,7.732793113567767
358,0.37,1.5,240.0,12.0,76.0,0.98876,7.939999999999999,0.39,12.3,1,12.6,0,1,0,0,0,8.316369237764532
359,0.35,2.6,300.0,33.0,78.0,0.99146,8.22,0.72,11.3,1,13.2,1,0,1,0,0,8.332117197374842
360,0.52,3.2,430.0,28.0,152.0,0.99129,8.02,0.53,11.4,1,15.2,1,0,0,0,0,8.117236366455138
361,0.45,2.3,450.0,40.0,118.0,0.99064,8.16,0.48,11.9,1,14.0,1,0,0,0,0,8.356446002247779
362,0.49,4.9,320.0,3.0,18.0,0.99368,7.85,0.54,10.0,1,19.4,1,0,0,0,0,7.359865841321295
363,0.34,10.9,380.0,25.0,84.0,0.99432,8.11,0.34,10.9,1,14.0,1,0,0,0,0,8.298709381015493
364,0.45,2.3,450.0,40.0,118.0,0.99064,8.16,0.48,11.9,1,14.0,1,0,0,0,0,8.356446002247779
365,0.49,2.5,470.0,20.0,130.0,0.99178,8.15,0.48,11.1,1,15.2,1,0,0,0,0,8.060207649421892
366,0.36,4.5,540.0000000000001,31.0,203.0,0.99513,8.4,0.57,10.4,1,13.8,0,1,0,0,0,7.515464719803434
367,0.34,1.6,430.0,24.0,129.0,0.99305,8.120000000000001,0.7,10.4,1,15.2,1,0,0,0,0,7.734233426686906
368,0.22,5.5,370.00000000000006,10.0,86.0,0.99156,8.46,0.44,12.2,1,11.0,1,0,1,0,0,7.9784694528854185
369,0.38,2.1,430.0,10.0,98.0,0.99296,8.17,0.65,11.0,1,15.2,0,1,0,0,0,7.304040349234867
370,0.38,1.5,390.0,37.0,122.0,0.98972,8.2,0.43,12.0,1,12.2,1,0,0,0,0,8.343030670956443
371,0.38,2.5,470.0,30.0,148.0,0.98964,8.17,0.43,12.7,1,13.0,0,1,0,0,0,8.533933371863743
372,0.27,0.9,400.0,52.0,103.0,0.99026,8.5,0.39,11.2,1,11.2,1,0,1,0,0,8.20144542024468
373,0.43,6.4,420.0,34.0,115.0,0.99293,8.05,0.51,10.8,1,13.8,1,0,0,0,0,7.894567948560798
374,0.39,11.9,570.0,51.0,221.0,0.99851,8.26,0.51,8.9,1,13.2,0,1,0,0,0,7.381873679059973
375,0.47,7.5,270.00000000000006,12.0,88.0,0.9907,8.379999999999999,0.45,14.0,1,11.6,0,1,0,0,0,8.272851048370168
376,0.36,17.2,390.0,37.0,130.0,0.99946,8.23,0.43,8.8,1,12.4,1,0,0,0,0,7.607754502612181
377,0.34,7.4,200.0,38.0,133.0,0.99212,8.18,0.44,12.0,1,13.6,0,1,0,0,0,8.567393911609562
378,0.37,4.8,190.0,39.0,114.0,0.99036,8.08,0.49,12.7,1,14.2,0,1,0,0,0,8.858439271405343
379,0.35,8.6,380.0,37.0,125.0,0.9916,8.0,0.32,12.4,1,13.8,0,1,0,0,0,8.797378581633545
380,0.41,1.0,400.0,17.0,76.0,0.98988,8.14,0.56,11.4,1,12.4,1,0,1,0,0,8.207347564399681
381,0.36,6.4,550.0,42.0,123.0,0.99318,8.11,0.5,11.0,1,14.0,1,0,1,0,0,8.22723729051351
382,0.33,1.0,380.0,23.0,131.0,0.99164,8.25,0.45,9.8,1,11.0,1,0,1,0,0,7.7547096116218395
383,0.24,1.6,450.0,39.0,164.0,0.99402,8.53,0.58,10.8,1,13.6,1,0,0,0,0,8.20326706232237
384,0.2,1.7,330.0,17.0,74.0,0.99002,8.34,0.48,12.3,1,10.4,0,1,0,0,0,8.382283910172411
385,0.28,3.7,450.0,57.0,151.0,0.9913,8.22,0.27,11.2,1,11.4,1,0,1,0,0,8.288708364389043
386,0.3,2.5,460.0,38.0,125.0,0.99276,8.34,0.5,9.9,1,11.4,1,0,0,0,0,7.94386857642926
387,0.39,6.0,350.00000000000006,44.0,141.0,0.99123,8.11,0.33,12.5,1,13.8,1,0,0,0,0,8.826267537131585
388,0.24,3.3,340.0,29.0,99.0,0.99031,8.1,0.4,12.3,1,13.2,0,1,0,0,0,8.464200983199177
389,0.29,2.5,590.0,37.0,115.0,0.99328,8.09,0.37,9.8,1,15.2,1,0,0,0,0,7.660922858423287
390,0.37,4.5,390.0,41.0,147.0,0.9921,8.18,0.4,11.1,1,12.8,1,0,0,0,0,8.256121122739104
391,0.31,14.5,450.0,39.0,193.0,0.9986,8.1,0.5,9.2,1,14.8,1,0,1,0,0,8.137287880410053
392,0.31,14.5,450.0,39.0,193.0,0.9986,8.1,0.5,9.2,1,14.8,1,0,1,0,0,8.137287880410053
393,0.31,3.6,300.0,36.0,92.0,0.99026,8.22,0.62,12.6,1,13.0,1,0,0,0,0,8.868848000879911
394,0.32,10.5,300.0,34.0,105.0,0.99407,8.11,0.42,11.8,1,16.2,1,0,0,0,0,8.34205080173359
395,0.31,1.4,390.0,40.0,129.0,0.99193,8.45,0.59,10.9,1,12.2,1,0,0,0,0,8.351947632420881
396,0.02,0.9,430.0,32.0,99.0,0.99226,8.14,0.47,9.8,1,13.0,1,0,0,1,0,7.4634198428591425
397,0.36,9.2,610.0,42.0,214.0,0.9976,8.31,0.56,9.4,1,13.2,0,1,0,0,0,7.388925819291064
398,0.29,1.8,440.00000000000006,21.0,115.0,0.99166,8.1,0.38,10.2,1,12.8,1,0,1,0,0,7.845244323791479
399,0.3,2.3,510.0,20.0,127.0,0.98964,8.129999999999999,0.52,12.8,1,13.0,0,1,0,0,0,8.354202993347847
400,0.25,6.4,350.00000000000006,38.0,103.0,0.99148,7.91,0.23,12.2,1,16.0,0,1,0,0,0,8.60022630235618
401,0.37,1.0,430.0,10.0,80.0,0.99128,8.08,0.38,11.4,1,15.6,1,0,0,0,0,7.008749706426484
402,0.35,2.3,390.0,43.0,109.0,0.99056,8.34,0.44,11.8,1,12.6,1,0,0,0,0,8.571666164476651
403,0.32,8.7,290.0,31.0,105.0,0.99146,8.0,0.34,12.3,1,13.6,0,1,0,0,0,8.62794251098568
404,0.3,1.9,330.0,41.0,142.0,0.98912,8.29,0.42,12.8,1,12.0,0,1,0,0,0,8.79296958079188
405,0.37,1.1,360.00000000000006,31.0,96.0,0.98942,8.16,0.48,12.0,1,11.6,1,0,1,0,0,8.284213794523138
406,0.28,13.55,480.0,51.0,189.0,0.99782,8.0,0.6,9.5,1,13.8,0,1,0,0,0,7.455558681499126
407,0.28,15.2,460.0,6.0,41.0,0.99665,8.17,0.39,10.9,1,14.4,1,0,0,0,0,7.665682061899454
408,0.28,1.1,340.0,47.0,90.0,0.98862,8.22,0.38,12.6,1,12.0,1,0,0,0,0,8.46614715991908
409,0.49,1.3,330.0,12.0,72.0,0.99072,8.05,0.53,11.3,1,14.2,1,0,1,0,0,8.051153106531942
410,0.28,10.6,390.0,32.0,117.0,0.99355,8.05,0.55,11.5,1,14.0,1,0,0,0,0,8.291888184201492
411,0.32,4.9,460.0,50.0,156.0,0.99316,8.379999999999999,0.55,11.2,1,12.8,1,0,0,0,0,8.424449567657668
412,0.32,7.8,520.0,52.0,183.0,0.99657,8.39,0.65,9.5,1,12.2,0,1,0,0,0,7.414059711517308
413,0.33,7.4,370.00000000000006,25.0,95.0,0.99268,8.25,0.49,11.1,1,11.2,0,1,0,0,0,8.310507635609726
414,0.32,7.8,520.0,52.0,183.0,0.99657,8.39,0.65,9.5,1,12.2,0,1,0,0,0,7.414059711517308
415,0.4,11.6,320.0,34.0,214.0,0.9963,8.1,0.51,9.8,1,14.4,0,1,0,0,0,7.645806321724566
416,0.3,2.1,310.0,50.0,163.0,0.9895,8.39,0.43,12.7,1,12.2,0,1,0,0,0,8.938535948975968
417,0.49,20.15,600.0,30.0,145.0,1.00196,8.01,0.44,8.5,1,15.2,1,0,0,0,0,7.625310280592812
418,0.26,10.05,390.0,63.0,162.0,0.99375,8.33,0.5,11.2,1,11.6,1,0,0,0,0,8.458773320597805
419,0.27,1.3,370.00000000000006,30.0,86.0,0.98834,8.05,0.59,12.9,1,12.4,1,0,0,0,0,8.533665055864478
420,0.28,1.1,340.0,26.0,83.0,0.98928,8.25,0.33,12.3,1,13.0,1,0,0,0,0,8.43118988403134
421,0.27,5.0,350.00000000000006,14.0,97.0,0.99058,8.1,0.33,11.8,1,11.8,1,0,0,0,0,8.448259934626218
422,0.32,6.0,330.0,59.0,128.0,0.99192,8.19,0.71,12.1,1,13.2,1,0,1,0,0,8.821769332327934
423,0.3,6.9,380.0,23.0,89.0,0.99266,8.25,0.49,11.1,1,11.2,0,1,0,0,0,8.283044090357372
424,0.34,1.9,400.0,41.0,108.0,0.99,8.25,0.45,12.9,1,13.6,1,0,1,0,0,8.670700355608012
425,0.27,10.3,470.0,54.0,219.0,0.99742,8.04,0.45,8.8,1,13.2,1,0,0,0,0,7.5246994461871655
426,0.36,1.1,310.0,27.0,93.0,0.98884,8.23,0.34,13.2,1,13.2,1,0,1,0,0,8.442050512848702
427,0.28,12.0,559.9999999999999,68.0,143.0,0.9983,7.99,0.3,9.2,1,15.2,1,0,0,0,0,7.647520524690146
428,0.19,1.1,640.0,36.0,191.0,0.99297,8.05,0.5,9.5,1,13.0,1,0,0,0,0,7.363024937221741
429,0.24,1.8,370.00000000000006,39.0,150.0,0.9913,8.05,0.44,11.8,1,15.2,0,1,0,0,0,8.291198549567756
430,0.28,4.7,390.0,34.0,94.0,0.98964,8.22,0.57,13.1,1,11.8,0,1,0,0,0,8.948962416021839
431,0.31,7.4,410.0,7.0,81.0,0.99254,8.04,0.47,11.4,1,13.4,1,0,0,0,0,6.802493869441999
432,0.44,1.0,570.0,24.0,111.0,0.99158,8.09,0.32,11.2,1,16.0,1,0,0,0,0,8.008847706708856
433,0.36,8.4,420.0,42.0,123.0,0.99473,8.34,0.52,10.9,1,13.4,1,0,0,0,0,8.525447248377183
434,0.3,3.0,360.00000000000006,30.0,124.0,0.98922,8.31,0.4,13.1,1,12.2,0,1,0,0,0,8.851858877506752
435,0.45,14.3,540.0000000000001,30.0,181.0,0.99869,8.14,0.57,9.1,1,13.4,1,0,0,0,0,7.814940291471183
436,0.34,1.4,290.0,29.0,133.0,0.99108,8.33,0.64,11.5,1,13.0,1,0,1,0,0,8.470974235425935
437,0.28,4.9,420.0,21.0,155.0,0.99385,8.36,0.57,10.9,1,15.0,0,1,0,0,0,8.315131931591706
438,0.28,2.4,360.00000000000006,35.0,115.0,0.98936,8.19,0.44,13.5,1,14.2,0,1,0,0,0,8.691391298936026
439,0.25,10.7,460.0,66.0,179.0,0.99606,8.17,0.55,9.9,1,12.8,1,0,0,0,0,7.669229535748669
440,0.24,11.0,410.0,75.0,167.0,0.99508,7.98,0.56,10.5,1,14.0,1,0,0,0,0,7.857089509049172
441,0.62,7.5,380.0,46.0,132.0,0.99143,8.23,0.43,13.4,1,13.8,0,1,0,0,0,8.880860549995248
442,0.27,6.3,279.99999999999994,40.0,132.0,0.99186,8.370000000000001,0.4,11.6,1,10.6,0,1,0,0,0,8.506794624355345
443,0.27,6.3,279.99999999999994,40.0,132.0,0.99186,8.370000000000001,0.4,11.6,1,10.6,0,1,0,0,0,8.506794624355345
444,0.29,8.6,530.0,65.0,146.0,0.9963,8.11,0.32,9.8,1,15.2,1,0,0,0,0,7.640700195218686
445,0.27,3.1,340.0,28.0,134.0,0.9897,8.26,0.38,13.1,1,14.2,0,1,0,0,0,8.798914326991921
446,0.46,6.4,360.00000000000006,17.0,85.0,0.99279,8.1,0.78,11.7,1,14.4,1,0,0,0,0,8.132443485227126
447,0.35,7.2,460.0,45.0,178.0,0.9955,8.14,0.53,9.7,1,14.4,0,1,0,0,0,7.360079214684646
448,0.31,1.2,310.0,27.0,80.0,0.98892,8.03,0.33,12.7,1,14.4,1,0,0,0,0,8.425748181046128
449,0.25,3.4,240.0,27.0,99.0,0.98959,7.98,0.37,13.0,1,15.6,1,0,0,0,0,8.672701793985073
450,0.2,1.8,310.0,49.0,159.0,0.9919,8.41,0.53,11.0,1,12.0,0,1,0,0,0,8.22958513599408
451,0.29,19.9,390.0,69.0,237.0,1.00037,8.1,0.48,9.2,1,14.6,1,0,0,0,0,7.694658466796978
452,0.22,16.65,440.00000000000006,39.0,110.0,0.99855,8.24,0.48,9.0,1,11.4,1,0,0,0,0,7.54289850634353
453,0.28,0.9,230.0,49.0,87.0,0.99062,7.92,0.36,11.1,1,16.2,1,0,0,0,0,8.015382900745298
454,0.28,4.2,290.0,7.0,112.0,0.9906,8.0,0.41,12.6,1,15.2,0,1,0,0,0,7.98945175196553
455,0.27,9.7,360.00000000000006,15.0,85.0,0.99406,7.99,0.36,11.2,1,16.0,1,0,0,0,0,8.165696678932791
456,0.28,4.2,290.0,7.0,112.0,0.9906,8.0,0.41,12.6,1,15.2,0,1,0,0,0,7.98945175196553
457,0.36,14.6,480.0,35.0,161.0,0.9968,8.14,0.56,10.6,1,14.8,1,0,0,0,0,7.851458725992045
458,0.71,17.5,420.0,21.0,114.0,0.99784,7.85,0.5,9.5,1,13.6,1,0,1,0,0,7.501876412843496
459,0.71,17.5,420.0,21.0,114.0,0.99784,7.85,0.5,9.5,1,13.6,1,0,1,0,0,7.501876412843496
460,0.28,4.2,440.00000000000006,52.0,158.0,0.992,8.35,0.44,10.7,1,11.2,1,0,0,0,0,8.451469600168092
461,0.28,1.1,340.0,55.0,108.0,0.98939,8.0,0.52,11.9,1,13.2,1,0,1,0,0,8.329490910025557
462,0.24,1.4,330.0,65.0,169.0,0.99043,8.59,0.56,12.3,1,11.6,1,0,0,0,0,8.879418125471796
463,0.18,1.8,460.0,31.0,114.0,0.99226,8.27,0.55,10.8,1,13.6,1,0,1,0,0,8.10295685409557
464,0.3,1.2,370.00000000000006,11.0,95.0,0.98914,7.96,0.36,12.5,1,14.4,1,0,0,0,0,8.232860888759639
465,0.28,26.05,310.0,27.0,122.0,1.00295,8.06,0.42,10.6,1,13.6,1,0,0,1,0,7.645124626754516
466,0.26,4.7,400.0,108.0,168.0,0.99278,8.07,0.75,10.7,1,12.6,1,0,0,0,0,7.8887838179857575
467,0.28,26.05,310.0,27.0,122.0,1.00295,8.06,0.42,10.6,1,13.6,1,0,0,1,0,7.645124626754516
468,0.33,0.9,410.0,20.0,117.0,0.99048,8.21,0.5,11.4,1,14.0,1,0,0,0,0,8.01815481701563
469,0.2,5.7,1180.0,61.0,172.0,0.9946,8.24,0.43,9.5,1,12.8,0,1,0,0,0,7.187772407692376
470,0.32,2.4,139.99999999999997,34.0,89.0,0.99008,8.24,0.66,12.5,1,12.8,1,0,0,0,0,8.677514960649745
471,0.33,4.9,470.0,42.0,130.0,0.99283,8.120000000000001,0.56,11.0,1,13.6,1,0,1,0,0,8.242249275015878
472,0.16,2.7,360.00000000000006,34.0,128.0,0.98856,8.2,0.53,13.2,1,10.8,0,1,0,1,0,8.84522174713044
473,0.26,11.0,300.0,2.0,82.0,0.99402,8.07,0.36,11.2,1,13.0,1,0,0,0,0,7.156827083544475
474,0.25,18.8,850.0000000000001,19.0,111.0,1.00044,8.1,0.51,8.7,1,14.4,1,0,0,0,0,7.337508838642723
475,0.27,9.6,370.00000000000006,19.0,105.0,0.99444,8.04,0.37,10.5,1,14.2,1,0,0,0,0,7.645333935231391
476,0.41,12.9,440.00000000000006,79.5,183.0,0.99742,8.24,0.78,10.2,1,13.6,1,0,1,0,0,8.031966219333073
477,0.37,1.6,869.9999999999999,27.0,177.0,0.99438,8.09,0.5,9.8,1,15.2,0,1,0,0,0,7.2599896586234
478,0.27,12.0,300.0,39.0,98.0,0.99402,8.15,0.34,10.8,1,12.0,1,0,1,0,0,8.262926542377828
479,0.35,2.5,400.0,41.0,186.0,0.99128,8.32,0.56,12.5,1,14.2,1,0,0,0,0,8.723982954470475
480,0.24,4.4,270.00000000000006,37.0,150.0,0.991,8.3,0.31,11.5,1,11.2,1,0,0,0,0,8.482727541304527
481,0.34,1.2,360.00000000000006,32.0,96.0,0.98961,8.06,0.74,11.6,1,12.6,1,0,0,0,0,8.236834203752442
482,0.27,1.5,760.0,24.0,145.0,0.99344,8.1,0.52,10.1,1,14.0,0,1,0,0,0,7.2565606843074315
483,0.23,10.4,490.0,45.0,190.0,0.99754,8.120000000000001,0.51,8.8,1,13.2,1,0,0,0,0,7.3284657502925326
484,0.45,8.0,380.0,54.0,200.0,0.9956,8.18,0.48,9.5,1,13.2,0,1,0,0,0,7.414153277964544
485,0.28,6.9,360.00000000000006,46.0,150.0,0.99299,8.36,0.44,10.8,1,11.4,1,0,0,0,0,8.394184047771027
486,0.26,10.3,410.0,51.0,166.0,0.99382,8.08,0.35,11.6,1,14.0,0,1,0,0,0,8.340669615741996
487,0.18,1.4,340.0,18.0,135.0,0.99174,8.32,0.35,10.2,1,11.2,1,0,0,0,0,7.470410878719047
488,0.28,14.7,510.0,29.0,149.0,0.99792,7.96,0.39,9.0,1,14.0,1,0,1,0,0,8.68311067493454
489,0.28,1.8,400.0,45.0,121.0,0.99043,8.02,0.4,11.9,1,14.8,1,0,0,0,0,8.347615394844272
490,0.25,12.5,550.0,47.0,134.0,0.99758,8.3,0.51,9.0,1,12.4,1,0,0,0,0,7.48313462070952
491,0.32,7.4,150.0,47.0,124.0,0.99278,7.99,0.39,11.0,1,15.6,1,0,1,0,0,8.22709255412929
492,0.35,6.1,250.0,10.0,40.0,0.99244,7.79,0.52,10.9,1,14.8,1,0,0,0,0,7.551062836263301
493,0.15,2.1,260.0,29.0,130.0,0.98953,8.39,0.77,13.4,1,10.8,1,0,0,1,0,8.96172181228944
494,0.28,9.8,420.0,61.0,125.0,0.99532,8.14,0.42,10.2,1,12.2,1,0,0,0,0,7.795488754487191
495,0.28,6.1,180.00000000000003,41.0,103.0,0.99122,8.24,0.32,12.2,1,13.0,0,1,0,0,0,8.639429252602726
496,0.3,1.4,220.00000000000003,38.0,100.0,0.99099,8.42,0.57,11.4,1,12.6,1,0,1,0,0,8.387104696411793
497,0.3,9.2,180.00000000000003,23.0,96.0,0.9938,8.08,0.29,11.0,1,15.2,1,0,0,0,0,8.240804899133366
498,0.52,8.2,470.0,52.0,191.0,0.99541,8.16,0.47,9.5,1,13.2,1,0,0,0,0,7.435959437901282
499,0.5,8.0,510.0,46.0,197.0,0.99536,8.18,0.47,9.5,1,13.0,1,0,0,0,0,7.443426814661317
500,0.3,1.3,360.00000000000006,7.0,49.0,0.99242,7.99,0.73,10.3,1,16.2,1,0,0,0,0,7.289719410344259
501,0.21,10.7,980.0,13.0,91.0,0.99657,8.03,0.47,9.3,1,14.0,0,1,0,0,0,6.883263927167721
502,0.39,2.0,570.0,21.0,138.0,0.99176,8.05,0.52,10.9,1,15.8,1,0,0,0,0,7.9306695807046586
503,0.28,2.2,420.0,21.0,177.0,0.99166,8.2,0.57,11.4,1,14.0,0,1,0,0,0,8.070727033839209
504,0.32,8.8,420.0,18.0,106.0,0.99172,8.28,0.33,12.9,1,12.6,1,0,0,1,0,8.727486472832279
505,0.3,8.8,450.0,28.0,131.0,0.9953,8.120000000000001,0.59,9.9,1,13.6,1,0,0,1,0,7.5460050765186875
506,0.2,3.7,390.0,34.0,132.0,0.99158,8.0,0.38,10.7,1,12.6,0,1,0,0,0,7.622576754550454
507,0.32,9.0,230.0,20.0,109.0,0.99262,8.34,0.35,12.6,1,13.4,1,0,0,0,0,8.60396758803886
508,0.29,3.1,300.0,32.0,123.0,0.98913,8.41,0.33,13.7,1,11.8,1,0,1,0,0,8.904072199625414
509,0.26,4.6,310.0,26.0,120.0,0.99198,8.4,0.73,12.5,1,13.2,0,1,0,0,0,8.891517784700763
510,0.27,2.7,490.0,28.0,104.0,0.99224,8.46,0.55,10.3,1,10.8,1,0,1,0,0,7.999189487731866
511,0.38,4.8,400.0,41.0,101.0,0.98968,8.24,0.56,13.1,1,12.0,0,1,0,0,0,8.905448508575523
512,0.25,11.1,559.9999999999999,112.0,177.0,0.9961,8.08,0.36,9.4,1,12.0,1,0,0,0,0,7.425304854459857
513,0.31,10.2,690.0000000000001,58.0,170.0,0.99692,8.18,0.49,9.4,1,13.0,0,1,0,0,0,7.322255061857715
514,0.31,7.4,450.0,34.0,143.0,0.99226,8.06,0.55,12.2,1,13.6,0,1,0,0,0,8.548354087893776
515,0.24,17.8,470.0,42.0,111.0,0.99896,8.1,0.45,8.9,1,12.0,1,0,0,0,0,7.605792105140766
516,0.26,12.1,460.0,43.0,127.0,0.9951,8.16,0.37,10.8,1,12.4,1,0,0,0,0,7.879247094856749
517,0.26,8.2,430.0,28.0,98.0,0.99234,7.99,0.31,11.4,1,12.8,0,1,0,0,0,8.293680023965385
518,0.37,1.5,490.0,28.0,129.0,0.99226,8.15,0.52,10.8,1,14.2,1,0,0,0,0,7.789001523096593
519,0.16,6.4,310.0,21.0,134.0,0.99151,8.24,0.46,12.2,1,11.8,1,0,0,1,0,8.481438329319055
520,0.29,7.7,380.0,40.0,179.0,0.99479,8.23,0.56,10.4,1,13.4,1,0,0,0,0,7.8257904187112715
521,0.3,12.3,350.00000000000006,72.0,172.0,0.9954,7.99,0.57,10.4,1,14.0,1,0,0,0,0,7.87437162272879
522,0.12,1.1,130.0,4.0,10.0,0.99246,8.32,0.36,13.5,1,9.6,1,0,1,1,0,6.694124717772281
523,0.38,2.8,1440.0000000000002,12.0,65.0,0.9908,7.95,0.64,11.4,1,12.2,1,0,0,0,0,7.988042650865256
524,0.18,1.9,360.00000000000006,33.0,106.0,0.98746,8.21,0.83,14.0,1,10.0,1,0,0,1,0,8.721683246640575
525,0.3,6.2,400.0,49.0,139.0,0.99021,8.17,0.27,13.6,1,14.2,0,1,0,0,0,9.033836856861388
526,0.28,1.6,370.00000000000006,31.0,113.0,0.98779,8.120000000000001,0.4,14.2,1,12.8,0,1,0,0,0,8.534783635913334
527,0.28,1.4,350.00000000000006,28.0,107.0,0.98836,8.0,0.4,13.2,1,13.2,0,1,0,0,0,8.486244980499388
528,0.34,14.8,570.0,46.0,173.0,0.99751,8.14,0.57,10.2,1,14.6,0,1,0,0,0,7.4693213101105576
529,0.3,2.4,380.0,30.0,83.0,0.98867,8.09,0.36,12.8,1,13.4,0,1,0,0,0,8.669925724391522
530,0.36,6.7,1850.0,51.5,151.0,0.99528,8.17,0.42,9.3,1,13.0,0,1,0,0,0,7.324687106993138
531,0.34,1.0,680.0,32.0,143.0,0.99138,8.24,0.4,10.1,1,9.8,0,1,0,0,0,7.324594122845769
532,0.27,5.8,320.0,40.0,118.0,0.99088,8.17,0.53,13.0,1,14.4,0,1,0,1,0,8.911947184393254
533,0.3,2.8,340.0,33.0,125.0,0.99152,8.03,0.49,10.4,1,12.8,1,0,1,0,0,8.123888955806308
534,0.3,2.8,340.0,33.0,125.0,0.99152,8.03,0.49,10.4,1,12.8,1,0,1,0,0,8.123888955806308
535,0.25,12.1,350.00000000000006,54.0,135.0,0.99481,8.21,0.4,10.7,1,12.2,1,0,0,0,0,7.881105069020032
536,0.27,4.5,360.00000000000006,81.0,157.0,0.9928,8.05,0.76,10.7,1,12.6,1,0,0,0,0,7.919521286156027
537,0.41,14.6,480.0,73.0,223.0,0.99863,8.16,0.71,9.4,1,14.6,1,0,0,0,0,7.924772612550303
538,0.27,8.6,440.00000000000006,45.0,104.0,0.99454,8.2,0.37,9.9,1,13.6,1,0,1,0,0,7.927634281737707
539,0.41,14.6,480.0,73.0,223.0,0.99863,8.16,0.71,9.4,1,14.6,1,0,0,0,0,7.924772612550303
540,0.31,4.7,380.0,3.0,127.0,0.99186,7.9,0.72,12.1,1,16.0,0,1,0,0,0,7.703432193672419
541,0.29,3.1,410.0,37.0,144.0,0.98944,8.22,0.39,12.8,1,12.0,1,0,0,0,0,8.690799991458173
542,0.32,5.9,540.0000000000001,40.0,152.0,0.9938,8.2,0.57,10.8,1,13.6,1,0,0,0,0,7.900284003433316
543,0.49,5.8,530.0,25.0,120.0,0.9942,8.01,0.98,10.5,1,12.8,1,0,0,0,0,7.762492228595372
544,0.48,18.0,540.0000000000001,56.0,183.0,1.0003799999999998,7.98,0.61,8.5,1,13.0,1,0,1,0,0,8.259942800506193
545,0.57,1.0,600.0,15.0,120.0,0.9924,8.06,0.41,9.5,1,12.8,1,0,0,0,0,7.423311551996785
546,0.57,1.0,600.0,15.0,120.0,0.9924,8.06,0.41,9.5,1,12.8,1,0,0,0,0,7.423311551996785
547,0.16,4.4,330.0,8.0,109.0,0.99058,8.35,0.47,12.4,1,12.2,1,0,1,0,1,8.03356509861225
548,0.36,1.3,340.0,32.0,98.0,0.99058,8.02,0.58,11.3,1,13.6,1,0,1,0,0,8.211384095078731
549,0.28,17.55,500.0,33.0,154.0,0.99971,7.939999999999999,0.43,9.0,1,14.4,1,0,1,0,0,8.78164631779896
550,0.27,8.0,480.0,41.0,162.0,0.99498,8.21,0.51,9.9,1,12.2,1,0,0,0,0,7.729242265660226
551,0.26,9.6,500.0,33.0,134.0,0.99608,8.129999999999999,0.46,10.4,1,14.8,0,1,0,0,0,7.466840421295617
552,0.21,1.5,440.00000000000006,21.0,110.0,0.99138,8.3,0.57,11.0,1,11.6,1,0,0,0,0,8.159718365073694
553,0.28,8.6,460.0,37.0,142.0,0.99432,8.23,0.53,10.6,1,11.8,1,0,0,0,0,7.834397011822395
554,0.27,3.8,470.0,16.0,79.0,0.99173,8.07,0.46,11.3,1,14.6,1,0,0,0,0,8.08270225771741
555,0.27,10.7,1100.0,20.0,103.0,0.99672,8.08,0.41,9.0,1,13.2,1,0,0,1,0,7.320443732917417
556,0.28,7.9,570.0,21.0,82.0,0.99425,8.26,0.36,10.0,1,12.8,1,0,1,0,0,7.792150041229457
557,0.23,14.2,370.00000000000006,24.0,99.0,0.99528,8.08,0.38,10.6,1,12.6,1,0,0,0,0,7.649114369849111
558,0.23,9.5,570.0,54.0,166.0,0.99568,8.23,0.42,10.0,1,13.8,0,1,0,0,0,7.303744307314929
559,0.45,1.4,390.0,36.0,122.0,0.99059,8.07,0.47,11.1,1,13.8,0,1,0,0,0,8.174648736067434
560,0.26,20.3,370.00000000000006,45.0,150.0,0.99727,8.04,0.38,12.3,1,13.6,0,1,0,0,0,8.61104137358845
561,0.22,2.7,430.0,46.0,153.0,0.99238,8.75,0.76,11.3,1,10.0,1,0,0,0,0,8.47421892911595
562,0.31,3.5,460.0,22.0,147.0,0.99024,8.15,0.31,12.0,1,13.0,1,0,0,1,0,8.369985389546612
563,0.5,12.1,490.0,48.0,122.0,0.9973,8.01,0.44,9.0,1,14.8,1,0,0,0,0,7.557035006971073
564,0.22,17.45,540.0000000000001,42.0,151.0,0.99853,8.120000000000001,0.6,9.3,1,12.6,1,0,0,0,0,7.503641732162954
565,0.25,12.1,590.0,33.0,171.0,0.99769,8.14,0.56,8.7,1,12.4,0,1,0,0,0,7.221806418483851
566,0.26,8.6,480.0,47.0,206.0,0.9964,8.26,0.36,9.1,1,14.8,0,1,0,0,0,7.306451449558037
567,0.26,8.6,480.0,47.0,206.0,0.9964,8.26,0.36,9.1,1,14.8,0,1,0,0,0,7.306451449558037
568,0.29,11.9,520.0,54.0,160.0,0.99546,8.03,0.58,10.4,1,13.6,1,0,0,0,0,7.837636115198958
569,0.25,15.0,550.0,8.0,120.0,0.99767,8.19,0.53,9.6,1,12.4,1,0,0,0,0,7.1411438400431315
570,0.25,15.0,550.0,8.0,120.0,0.99767,8.19,0.53,9.6,1,12.4,1,0,0,0,0,7.1411438400431315
571,0.3,13.7,559.9999999999999,33.0,168.0,0.99825,7.9,0.44,8.7,1,14.8,1,0,1,0,0,8.970586888386016
572,0.3,13.7,559.9999999999999,33.0,168.0,0.99825,7.9,0.44,8.7,1,14.8,1,0,1,0,0,8.970586888386016
573,0.33,3.2,490.0,68.0,161.0,0.99324,8.1,0.69,10.2,1,13.6,1,0,0,0,0,7.8143106075631685
574,0.4,15.4,520.0,81.0,198.0,0.9986,8.2,0.69,9.4,1,13.8,1,0,0,0,0,7.598056686641782
575,0.3,1.4,400.0,14.0,63.0,0.98985,8.2,0.33,12.0,1,14.0,1,0,0,0,0,8.22286257863728
576,0.24,6.5,440.00000000000006,28.0,100.0,0.99348,8.120000000000001,0.33,10.2,1,13.4,1,0,0,0,0,7.739467769632458
577,0.53,12.9,490.0,63.0,139.0,0.99792,7.939999999999999,0.45,9.1,1,15.8,0,1,0,0,0,7.259399663903662
578,0.42,11.8,410.0,32.0,193.0,0.99624,8.04,0.49,10.0,1,14.2,0,1,0,0,0,7.378957294100272
579,0.32,4.6,410.0,31.0,180.0,0.99184,7.92,0.74,12.2,1,16.0,0,1,0,0,0,8.508270103756884
580,0.24,12.1,559.9999999999999,68.0,210.0,0.99718,8.05,0.5,9.5,1,14.0,1,0,0,1,0,7.254588704997702
581,0.11,1.1,290.0,6.0,51.0,0.99076,8.51,0.48,11.2,1,10.6,1,0,0,1,0,6.141439484357642
582,0.35,6.5,290.0,26.0,87.0,0.99092,8.29,0.44,12.5,1,10.8,1,0,0,0,0,8.834651570447221
583,0.37,2.5,660.0,29.0,89.0,0.98964,8.14,0.42,12.7,1,15.0,0,1,0,0,0,8.43117512329119
584,0.3,1.2,300.0,27.0,80.0,0.99192,8.05,0.68,10.5,1,15.0,1,0,0,0,0,7.842908580368275
585,0.36,1.8,410.0,38.0,90.0,0.99002,8.27,0.98,11.9,1,11.4,1,0,0,0,0,8.539663732610618
586,0.29,4.2,370.00000000000006,69.0,144.0,0.99214,8.129999999999999,0.74,10.8,1,11.8,1,0,0,0,0,7.961765425947634
587,0.48,13.5,380.0,44.0,116.0,0.9982,8.04,0.48,9.2,1,15.2,0,1,0,0,0,7.36985788053464
588,0.2,1.6,400.0,26.0,114.0,0.99105,8.25,0.45,11.4,1,11.8,1,0,1,0,0,8.168908632119674
589,0.19,2.2,440.00000000000006,39.0,161.0,0.99209,8.19,0.43,10.4,1,11.0,1,0,0,0,0,7.784042788840896
590,0.22,5.25,380.0,44.0,145.0,0.99184,8.22,0.4,11.2,1,12.4,0,1,0,0,0,8.242302792769696
591,0.05,8.0,360.00000000000006,19.0,164.0,0.99269,8.26,0.46,12.2,1,14.0,0,1,0,1,0,8.342439286155239
592,0.22,5.25,380.0,44.0,145.0,0.99184,8.22,0.4,11.2,1,12.4,0,1,0,0,0,8.242302792769696
593,0.27,2.3,440.00000000000006,20.0,117.0,0.9895,8.31,0.41,12.7,1,12.0,1,0,0,0,0,8.581489076180617
594,0.24,17.8,590.0,23.0,124.0,0.99773,8.3,0.5,10.1,1,11.4,1,0,0,0,0,7.483505105132739
595,0.23,8.9,1050.0,22.0,155.0,0.99692,8.01,0.58,9.5,1,14.4,0,1,0,0,0,7.15836635215068
596,0.24,7.4,440.00000000000006,21.0,113.0,0.99462,8.379999999999999,0.58,10.5,1,11.8,1,0,0,0,0,7.669910805680104
597,0.27,11.5,500.0,51.0,133.0,0.99476,8.22,0.37,10.8,1,12.2,1,0,0,0,0,7.889199136373919
598,0.27,1.6,390.0,36.0,116.0,0.99178,8.379999999999999,0.57,11.0,1,13.0,1,0,0,0,0,8.28117938532837
599,0.25,4.8,380.0,16.0,121.0,0.99198,8.36,0.71,12.6,1,13.2,0,1,0,0,0,8.49611828766227
600,0.29,4.2,430.0,33.0,114.0,0.9902,8.16,0.31,12.5,1,13.8,1,0,0,0,0,8.753496743082003
601,0.24,5.4,350.00000000000006,33.0,115.0,0.9901,8.120000000000001,0.44,12.8933333333333,1,13.4,1,0,0,1,0,8.851146638383804
602,0.28,1.0,430.0,45.0,100.0,0.99033,8.4,0.41,11.4,1,11.8,1,0,0,0,0,8.262206430873558
603,0.27,13.9,570.0,45.0,155.0,0.99807,7.939999999999999,0.41,8.8,1,14.6,1,0,1,0,0,9.745814499009077
604,0.29,2.0,440.00000000000006,15.0,96.0,0.99232,8.23,0.64,10.4,1,13.6,1,0,0,0,0,7.612843013334785
605,0.35,3.2,340.0,21.0,107.0,0.99195,8.11,0.54,11.1,1,14.2,1,0,0,0,0,8.167027278934128
606,0.2,7.5,500.0,44.0,179.0,0.99504,8.18,0.48,9.53333333333333,1,13.0,1,0,0,0,0,7.345317514031959
607,0.2,5.8,620.0,52.0,203.0,0.99461,8.17,0.44,9.8,1,14.4,0,1,0,0,0,7.24465540888457
608,0.25,11.2,480.0,32.0,136.0,0.99663,8.14,0.4,9.5,1,14.2,0,1,0,0,0,7.344248695411737
609,0.21,9.65,410.0,36.0,119.0,0.99334,7.99,0.34,10.933333333333302,1,12.8,1,0,0,0,0,8.339710572431413
610,0.23,3.5,380.0,23.0,112.0,0.99157,8.05,0.37,11.3666666666667,1,14.2,1,0,0,0,0,8.073061648151215
611,0.29,7.3,500.0,33.0,143.0,0.99332,8.31,0.5,11.066666666666698,1,11.4,0,1,0,0,0,8.395838219228267
612,0.31,5.0,430.0,54.0,170.0,0.9924,8.28,0.52,11.0,1,12.0,1,0,0,0,0,8.378084001940872
613,0.33,1.2,390.0,34.0,97.0,0.99112,8.11,0.75,11.2,1,14.2,1,0,0,0,0,8.145805688405481
614,0.22,9.5,400.0,30.0,111.0,0.99338,8.05,0.31,10.8,1,12.6,1,0,0,0,0,7.832058865079981
615,0.44,15.8,570.0,39.0,167.0,0.99804,8.14,0.51,9.2,1,12.4,1,0,0,0,0,7.550012998842886
616,0.26,11.8,530.0,55.0,173.0,0.99699,8.11,0.6,9.8,1,14.8,1,0,0,0,0,7.635686598935376
617,0.26,11.8,530.0,55.0,173.0,0.99699,8.11,0.6,9.8,1,14.8,1,0,0,0,0,7.635686598935376
618,0.28,2.2,400.0,24.0,125.0,0.9917,8.19,0.48,10.5,1,12.4,1,0,0,0,0,7.7221567960730715
619,0.23,17.3,470.0,37.0,118.0,0.99906,8.08,0.46,8.8,1,13.2,1,0,0,0,0,7.561874135242195
620,0.23,17.3,470.0,37.0,118.0,0.99906,8.08,0.46,8.8,1,13.2,1,0,0,0,0,7.561874135242195
621,0.52,6.5,470.0,28.0,123.0,0.99418,8.22,0.49,9.9,1,12.4,1,0,0,0,0,7.669821110855004
622,0.34,2.8,420.0,59.5,162.0,0.99179,8.27,0.47,10.8,1,12.2,0,1,0,0,0,7.854544334437483
623,0.28,2.8,430.0,17.0,67.0,0.98924,8.21,0.47,13.2,1,13.2,0,1,0,0,0,8.261460060635688
624,0.26,10.9,600.0,55.0,193.0,0.9969,8.21,0.44,9.4,1,13.8,0,1,0,1,0,7.340387315581628
625,0.3,9.15,510.0,25.0,166.0,0.99339,8.24,0.56,11.333333333333302,1,13.0,1,0,0,0,0,8.211069227124675
626,0.31,16.4,510.0,20.0,146.0,0.99834,8.06,0.54,9.1,1,13.4,0,1,0,0,0,7.3609851390573855
627,0.31,16.4,510.0,20.0,146.0,0.99834,8.06,0.54,9.1,1,13.4,0,1,0,0,0,7.3609851390573855
628,0.29,19.3,510.0,36.0,174.0,0.99911,8.14,0.5,9.0,1,12.0,1,0,0,0,0,7.60495326291933
629,0.27,2.1,420.0,35.0,100.0,0.99094,8.03,0.63,10.9,1,12.8,1,0,0,0,0,8.305038042221073
630,0.29,1.0,420.0,35.0,90.0,0.9908,8.76,0.49,11.3,1,9.4,1,0,1,0,0,8.413642979188234
631,0.33,1.9,360.00000000000006,37.0,110.0,0.98945,8.26,0.58,12.4,1,11.4,1,0,0,0,0,8.631677492603194
632,0.18,1.2,580.0,7.0,108.0,0.99288,8.23,0.58,9.55,1,11.6,1,0,0,0,0,6.911971886485279
633,0.26,4.5,530.0,17.0,126.0,0.9943,8.24,0.46,9.1,1,11.6,0,1,0,1,0,7.241226097830163
634,0.33,2.0,330.0,12.0,74.0,0.99064,8.29,0.65,12.5,1,13.4,0,1,0,0,0,8.442206307358788
635,0.17,1.3,610.0,14.0,100.0,0.9925,8.07,0.55,9.5,1,13.4,1,0,0,0,0,7.186662446930273
636,0.32,1.1,340.0,24.0,110.0,0.9898,8.36,0.4,12.5,1,12.2,1,0,0,0,0,8.601833587660554
637,0.18,9.0,510.0,28.5,259.0,0.9964,8.19,0.5,8.8,1,12.2,1,0,0,1,0,7.2197421873893495
638,0.22,12.7,580.0,24.0,183.0,0.9956,8.32,0.42,11.7,1,11.6,1,0,1,0,0,8.363470865917549
639,0.21,1.3,559.9999999999999,35.0,121.0,0.9908,8.32,0.33,11.4,1,11.6,1,0,1,0,0,8.280558985613558
640,0.37,9.1,370.00000000000006,16.0,76.0,0.9948,8.05,0.54,11.1,1,13.8,1,0,0,0,0,7.982253787929984
641,0.22,14.7,470.0,51.0,183.0,0.998275,8.39,0.6,10.5,1,12.8,1,0,0,1,0,7.686290132409669
642,0.3,3.9,260.0,36.0,105.0,0.98963,8.26,0.58,12.75,1,11.4,1,0,0,0,0,8.89089818881997
643,0.32,9.3,400.0,22.0,110.0,0.9958,8.34,0.54,10.7,1,13.8,1,0,0,0,0,7.991936719605028
644,0.15,1.1,290.0,12.0,83.0,0.9898,8.3,0.4,11.4,1,11.6,1,0,0,0,0,8.090970066849948
645,0.32,1.2,420.0,40.0,98.0,0.9898,8.42,0.64,11.8,1,9.6,1,0,1,0,0,8.541462625734559
646,0.23,11.8,300.0,23.0,158.0,0.99322,8.41,0.64,11.8,1,10.0,0,1,0,0,0,8.636786305540504
647,0.35,10.0,350.00000000000006,22.0,108.0,0.99457,8.120000000000001,0.36,11.6,1,16.0,0,1,0,0,0,8.253157697564207
648,0.3,2.2,350.00000000000006,26.0,129.0,0.989,8.32,0.47,12.9,1,11.6,1,0,0,1,0,8.841525148218974
649,0.35,6.9,300.0,45.0,116.0,0.99244,7.8,0.54,11.0,1,13.8,1,0,0,0,0,8.174848973827302
650,0.18,2.0,360.00000000000006,23.0,129.0,0.98949,8.36,0.77,13.4,1,10.4,0,1,0,1,0,8.752894382890965
651,0.23,6.65,340.0,6.0,158.0,0.99344,8.05,0.48,11.2,1,16.6,1,0,0,1,0,7.040903071356323
652,0.38,10.7,380.0,49.0,136.0,0.99366,8.11,0.59,11.2,1,11.6,1,0,0,0,0,8.449401797313364
653,0.36,1.2,350.00000000000006,43.0,126.0,0.99094,8.01,0.63,11.4,1,13.2,1,0,0,0,0,8.225798039088362
654,0.3,1.3,300.0,25.0,98.0,0.98968,8.370000000000001,0.43,12.4,1,11.4,1,0,0,0,0,8.550561813232449
655,0.22,3.4,350.00000000000006,40.0,122.0,0.99024,8.09,0.47,12.3,1,13.6,1,0,0,0,0,8.515411177262216
656,0.06,6.8,420.0,9.0,84.0,0.99432,8.44,0.44,10.2,1,11.4,1,0,1,1,0,6.963151711840688
657,0.28,2.5,350.00000000000006,18.0,73.0,0.98868,8.1,0.47,12.8,1,12.6,0,1,0,0,0,8.435054870587965
658,0.36,8.2,279.99999999999994,44.0,111.0,0.99272,8.14,0.41,12.4,1,14.6,1,0,1,0,0,8.63820700982274
659,0.34,6.1,340.0,31.0,114.0,0.99365,8.32,0.58,10.15,1,12.2,1,0,1,0,0,8.111056807524113
660,0.33,6.0,360.00000000000006,30.0,111.0,0.99362,8.32,0.58,10.15,1,12.0,1,0,1,0,0,8.096368810703764
661,0.49,11.4,350.00000000000006,57.0,137.0,0.99732,8.08,0.54,8.9,1,13.2,1,0,0,0,0,7.514851736837636
662,0.33,0.7,270.00000000000006,15.0,66.0,0.9899,8.11,0.31,11.8,1,13.6,0,1,0,0,0,7.747085711131112
663,0.32,10.4,620.0,23.0,114.0,0.9966,8.23,0.49,10.5,1,14.4,1,0,0,0,0,7.703011355897326
664,0.32,12.5,350.00000000000006,18.0,156.0,0.99666,7.88,0.36,9.0,1,13.4,1,0,1,0,0,7.8290548790686865
665,0.32,12.5,350.00000000000006,18.0,156.0,0.99666,7.88,0.36,9.0,1,13.4,1,0,1,0,0,7.8290548790686865
666,0.09,7.6,440.00000000000006,34.0,144.0,0.9948,8.26,0.38,10.1,1,12.8,1,0,1,1,0,7.4696616772903806
667,0.28,1.4,370.00000000000006,36.0,83.0,0.99074,8.33,0.42,10.9,1,11.8,1,0,1,0,0,8.357803062252891
668,0.16,12.55,510.0,31.0,115.0,0.99564,8.4,0.38,10.8,1,11.2,1,0,0,0,0,8.17118618124095
669,0.38,2.6,330.0,10.0,69.0,0.9909,8.120000000000001,0.59,10.8,1,11.0,0,1,0,0,0,7.5101056492643385
670,0.32,1.3,440.00000000000006,18.0,93.0,0.99044,8.11,0.56,12.25,1,13.2,1,0,0,0,0,8.21096360874318
671,0.33,10.7,360.00000000000006,27.0,98.0,0.99521,8.34,0.52,10.2,1,12.2,0,1,0,0,0,7.714840230160303
672,0.36,1.7,420.0,14.0,61.0,0.99144,8.22,0.54,10.8,1,12.0,1,0,1,0,0,7.985912941860313
673,0.32,3.6,350.00000000000006,36.0,133.0,0.99215,8.23,0.46,10.8,1,12.0,1,0,0,0,0,7.908643666722411
674,0.25,2.9,470.0,289.0,440.0,0.99314,8.44,0.64,10.5,1,12.2,1,0,0,0,0,8.070999817649414
675,0.36,1.3,350.00000000000006,40.0,78.0,0.9891,8.23,0.64,12.1,1,10.2,1,0,0,0,0,8.454885033202965
676,0.73,2.2,270.00000000000006,21.0,92.0,0.99,8.120000000000001,0.48,12.4,1,13.2,1,0,0,0,0,8.361717232014987
677,0.26,3.5,350.00000000000006,38.0,111.0,0.98872,8.18,0.47,13.6,1,12.0,0,1,0,0,0,8.760241385679445
678,0.3,13.0,470.0,69.0,160.0,0.99705,8.16,0.5,9.6,1,13.6,1,0,0,0,0,7.75566411209875
679,0.32,2.0,340.0,31.0,102.0,0.98952,8.16,0.56,12.3,1,11.8,1,0,0,0,0,8.477242940495486
680,0.5,12.1,450.0,38.0,127.0,0.9974,8.04,0.53,8.9,1,13.4,0,1,0,0,0,7.32745964260692
681,0.33,1.1,390.0,45.0,126.0,0.99051,8.31,0.45,11.6,1,12.0,1,0,0,0,0,8.234327690490868
682,0.46,0.9,330.0,9.0,65.0,0.98934,8.24,0.35,12.1,1,12.0,0,1,0,0,0,7.8100546948079375
683,0.09,10.9,510.0,37.0,131.0,0.99566,7.93,0.62,9.5,1,13.2,1,0,0,0,0,7.463360457544388
684,0.01,3.2,410.0,18.0,120.0,0.99026,8.2,0.94,13.7,1,12.4,0,0,1,1,0,8.475158324222791
685,0.25,3.7,310.0,38.0,122.0,0.99128,8.2,0.63,11.2,1,11.6,0,1,0,0,0,8.31264721936272
686,0.35,5.1,260.0,17.0,113.0,0.99052,8.18,0.67,12.4,1,11.4,1,0,0,1,0,8.410753068785127
687,0.5,1.0,1270.0,63.0,178.0,0.99212,8.1,0.45,9.7,1,11.6,0,1,0,0,0,7.229240646334886
688,0.47,1.3,430.0,18.0,131.0,0.99176,8.19,0.45,11.0,1,14.0,1,0,0,0,0,8.03501722158836
689,0.35,10.3,420.0,54.0,140.0,0.9967,8.23,0.47,9.2,1,12.8,1,0,0,0,0,7.5558608414892845
690,0.35,10.3,420.0,54.0,140.0,0.9967,8.23,0.47,9.2,1,12.8,1,0,0,0,0,7.5558608414892845
691,0.26,1.1,350.00000000000006,40.0,102.0,0.99154,8.47,0.56,10.6,1,11.2,1,0,0,0,0,8.249243687962666
692,0.24,7.4,380.0,28.0,114.0,0.99313,8.379999999999999,0.51,11.0,1,10.6,1,0,0,0,0,8.377346419287983
693,0.44,8.9,550.0,52.0,164.0,0.99488,8.1,0.48,9.6,1,12.8,0,1,0,0,0,7.318586678247261
694,0.29,3.9,410.0,22.0,79.0,0.99005,8.1,0.59,12.066666666666698,1,12.4,0,1,0,0,0,8.58296577433481
695,0.34,1.4,310.0,3.0,60.0,0.98854,8.27,0.38,13.0,1,10.6,1,0,1,1,0,7.577410011572081
696,0.33,10.1,320.0,8.0,81.0,0.99626,8.19,0.51,9.8,1,13.2,1,0,0,0,0,7.430135993965377
697,0.4,1.9,150.0,20.0,98.0,0.9897,8.370000000000001,0.55,12.05,1,10.0,1,0,0,0,0,8.507109872364362
698,0.42,2.5,380.0,34.0,117.0,0.99132,8.36,0.59,11.6,1,12.4,0,1,0,0,0,8.535012724357207
699,0.0,0.8,320.0,12.0,82.0,0.99286,8.25,0.36,8.8,1,11.8,0,1,0,1,0,6.739575974209782
700,0.4,8.1,460.0,68.0,170.0,0.99494,8.15,0.5,9.53333333333333,1,13.2,0,1,0,0,0,7.3479199311294146
701,0.17,1.9,350.00000000000006,60.0,148.0,0.98964,8.27,0.35,11.5,1,9.8,1,0,0,1,0,8.270145302336294
702,0.4,8.1,460.0,68.0,170.0,0.99494,8.15,0.5,9.55,1,13.2,0,1,0,0,0,7.3479199311294146
703,0.28,5.7,279.99999999999994,45.0,121.0,0.99168,8.21,1.08,12.15,1,12.4,1,0,0,0,0,8.563325316064999
704,0.29,2.2,360.00000000000006,25.0,100.0,0.98938,8.06,0.44,11.8,1,12.2,0,1,0,0,0,8.367299708802776
705,0.3,1.1,220.00000000000003,20.0,110.0,0.98869,8.34,0.38,12.8,1,11.0,1,0,0,0,0,8.611097026913523
706,0.18,3.8,1760.0000000000002,52.0,145.0,0.9986,8.16,0.88,9.2,0,17.8,1,0,1,1,0,5.086349161210106
707,0.24,1.8,800.0,4.0,11.0,0.9962,8.28,0.59,9.5,0,15.2,1,0,0,1,0,5.376325975195345
708,0.07,2.4,890.0000000000001,17.0,82.0,0.9958,8.35,0.54,10.1,0,13.4,1,0,1,1,0,5.5177381017370974
709,0.04,2.1,680.0,6.0,14.0,0.9955,8.39,0.64,9.4,0,13.2,0,1,0,1,0,5.5164140326558915
710,0.3,2.1,840.0,11.0,50.0,0.9972,8.4,0.61,10.2,0,16.6,1,0,1,1,0,5.518855787960725
711,0.14,2.4,670.0,10.0,42.0,0.9969,8.19,0.59,9.5,0,17.6,1,0,1,1,0,5.2707642514985045
712,0.36,1.6,890.0000000000001,14.0,37.0,0.99615,8.34,0.56,9.2,0,14.0,1,0,0,1,0,5.32882128943035
713,0.31,1.8,690.0000000000001,26.0,120.0,0.99625,8.29,0.53,9.3,0,15.6,0,1,0,1,0,5.19571854122047
714,0.16,2.0,1010.0,13.0,49.0,0.9962,8.14,0.57,11.0,0,17.4,1,0,1,1,0,5.62876687284967
715,0.25,2.6,730.0,29.0,63.0,0.99615,8.370000000000001,0.58,10.5,0,15.4,1,0,0,1,0,5.538155476036305
716,0.25,2.4,980.0,5.0,16.0,0.9964,8.41,0.6,10.1,0,13.8,0,1,0,0,0,5.217785587894784
717,0.38,1.7,620.0,9.0,30.0,0.9968,8.41,0.53,9.5,0,14.8,1,0,0,0,0,5.316695880280178
718,0.5,4.5,1070.0,5.0,13.0,0.998,8.28,0.83,11.5,0,20.6,1,0,0,1,0,6.19386123703452
719,0.39,2.0,610.0,7.0,15.0,0.9981,8.18,0.62,9.5,0,21.4,1,0,0,1,0,5.412652303161512
720,0.28,3.2,660.0,21.0,114.0,0.9973,8.22,0.54,9.4,0,16.0,0,1,0,1,0,5.138427621861568
721,0.5,2.4,660.0,10.0,21.0,1.0,8.120000000000001,1.18,9.2,0,24.4,0,1,0,0,0,5.6084090696303885
722,0.67,3.0,930.0,6.0,15.0,0.9986,8.02,0.93,12.0,0,27.6,1,0,0,1,0,7.1972563645405785
723,0.66,2.95,1160.0,12.0,29.0,0.997,8.24,0.75,11.7,0,21.0,1,0,0,1,0,6.756064051625853
724,0.61,2.0,1119.9999999999998,13.0,95.0,0.997,8.16,0.54,9.1,0,16.8,1,0,1,1,0,5.191859117143741
725,0.59,2.6,869.9999999999999,13.0,49.0,0.9988,8.18,0.65,11.0,0,23.0,0,1,0,1,0,6.089994839279586
726,0.58,3.7,1739.9999999999998,6.0,16.0,0.997,8.19,0.7,11.3,0,20.8,0,1,0,0,0,6.06229313002495
727,0.55,3.2,760.0,22.0,54.0,0.9996,8.15,0.89,9.9,0,20.8,1,0,0,1,0,5.800675861303245
728,0.72,2.2,720.0000000000001,6.0,29.0,0.9987,7.88,0.82,9.8,0,25.2,0,1,0,0,0,5.649571120076225
729,0.02,1.2,700.0000000000001,36.0,48.0,0.9952,8.2,0.58,9.8,0,17.4,1,0,0,0,1,5.565081192466943
730,0.39,15.5,690.0000000000001,6.0,23.0,1.0026,8.120000000000001,0.66,9.2,0,21.2,1,0,0,0,0,5.667201181629353
731,0.31,3.0,859.9999999999999,23.0,81.0,1.0002,8.48,0.74,11.6,0,17.4,1,0,1,1,0,6.173276835270819
732,0.47,1.9,780.0,6.0,24.0,0.9976,8.18,1.04,10.9,0,21.0,1,0,0,0,0,6.1736124694424905
733,0.49,4.6,730.0,19.0,43.0,0.9978,8.02,0.61,9.5,0,24.8,1,0,0,1,0,5.312645770791972
734,0.49,6.3,640.0,5.0,17.0,0.9988,8.21,0.73,11.0,0,19.0,1,0,0,1,0,6.221271912419131
735,0.41,3.3,920.0,26.0,52.0,0.9982,8.31,0.53,10.5,0,17.6,1,0,0,1,0,5.358703414314863
736,0.51,2.2,790.0,14.0,28.0,0.9982,8.03,0.93,9.8,0,23.0,0,1,0,0,0,5.768038326748951
737,0.45,2.3,709.9999999999999,16.0,40.0,0.9991,8.39,0.62,9.4,0,19.8,0,1,0,1,0,5.311898178120852
738,0.55,2.1,709.9999999999999,5.0,19.0,0.9986,8.11,0.62,10.8,0,23.6,0,1,0,0,0,5.857436795746392
739,0.28,2.6,780.0,21.0,77.0,0.998,8.28,0.51,9.8,0,19.8,0,0,1,1,0,5.059593414736657
740,0.08,2.7,840.0,15.0,48.0,0.9968,8.21,0.59,10.0,0,15.2,1,0,0,1,0,5.573014566637428
741,0.21,2.5,920.0,33.0,88.0,0.99823,8.19,0.52,9.2,0,17.6,1,0,0,1,0,5.060307726410219
742,0.28,2.4,120.0,36.0,100.0,0.99064,8.26,0.39,11.7,0,13.4,1,0,0,0,0,6.549074321151367
743,0.46,1.7,620.0,26.0,42.0,0.9959,8.18,0.83,10.6,0,19.8,1,0,0,0,0,6.3129747165589984
744,0.0,2.1,680.0,30.0,35.0,0.99533,8.48,0.65,11.4,0,15.2,0,0,1,1,0,6.024108785136267
745,0.37,2.3,910.0,10.0,23.0,0.99786,8.24,0.56,10.5,0,19.2,1,0,0,1,0,5.389447020032606
746,0.12,1.7,970.0,19.0,27.0,0.99596,8.16,0.49,9.4,0,15.4,0,1,0,0,0,5.076435366490288
747,0.0,2.2,869.9999999999999,3.0,11.0,0.99378,8.71,0.63,12.8,0,11.2,1,0,1,1,0,6.547627406342635
748,0.36,2.8,1160.0,26.0,55.0,0.99722,8.18,0.68,10.9,0,19.2,0,1,0,1,0,5.749462484758867
749,0.46,2.2,750.0,14.0,27.0,0.99598,8.06,0.84,11.4,0,21.0,0,1,0,0,0,6.633460320941281
750,0.4,2.2,680.0,12.0,28.0,0.99486,8.27,0.75,12.6,0,17.8,0,1,0,0,0,6.89233478288412
751,0.01,1.8,930.0,9.0,15.0,0.99514,8.35,0.58,11.0,0,14.6,0,1,0,1,0,5.4875182147200015
752,0.65,2.4,750.0,6.0,17.0,0.99565,8.22,0.63,11.8,0,20.4,1,0,0,0,0,6.425858476768428
753,0.53,2.2,600.0,3.0,10.0,0.99572,8.02,0.83,10.9,0,22.2,0,1,0,0,0,6.695266776246481
754,0.2,8.1,980.0,30.0,92.0,0.99892,8.2,0.58,9.2,0,15.0,0,0,1,1,0,5.123391534915156
755,0.56,1.4,470.0,3.0,8.0,0.99471,8.16,0.51,11.8,0,20.6,1,0,0,0,0,6.369767093283588
756,0.08,1.8,740.0000000000001,40.0,64.0,0.99529,8.120000000000001,0.49,9.6,0,13.6,1,0,0,1,0,5.107988786634914
757,0.07,2.5,910.0,15.0,21.0,0.99572,8.379999999999999,0.6,11.3,0,14.0,1,0,1,1,0,5.719758058556872
758,0.12,1.8,1780.0000000000002,6.0,21.0,0.996,8.28,0.87,9.8,0,15.6,0,1,0,1,0,5.318681259957416
759,0.0,2.2,1000.0,50.0,63.0,0.99544,8.59,0.68,11.4,0,13.2,0,1,0,1,0,5.817704936878199
760,0.51,1.75,709.9999999999999,45.0,88.0,0.99524,8.33,0.76,11.8,0,17.0,1,0,1,0,0,6.28147382859542
761,0.4,2.5,680.0,41.0,54.0,0.99754,8.379999999999999,0.86,10.5,0,20.4,1,0,0,1,0,6.183607375493094
762,0.46,2.1,740.0000000000001,24.0,44.0,0.99534,8.4,0.85,11.0,0,14.4,0,1,0,0,0,6.431623770826723
763,0.42,1.9,709.9999999999999,5.0,13.0,0.99659,8.15,0.75,10.5,0,19.2,0,1,0,0,0,6.322212702898234
764,0.29,2.1,750.0,19.0,66.0,0.99718,8.4,0.64,9.5,0,15.2,1,0,0,1,0,5.367265160587641
765,0.01,2.6,740.0000000000001,48.0,90.0,0.99621,8.379999999999999,0.62,10.8,0,15.6,1,0,0,0,1,5.503839634908819
766,0.0,2.7,1230.0000000000002,15.0,33.0,0.99538,8.44,0.63,11.3,0,13.6,1,0,1,1,0,5.833374013780465
767,0.24,1.7,770.0,18.0,34.0,0.9948,8.39,0.6,10.6,0,13.4,1,0,0,1,0,5.7963708363751945
768,0.02,1.7,840.0,13.0,31.0,0.99538,8.36,0.54,10.5,0,15.0,0,1,0,1,0,5.679668373739727
769,0.26,2.0,830.0,13.0,100.0,0.99586,8.26,0.52,9.9,0,14.4,0,1,0,1,0,5.090840935399564
770,0.42,2.0,520.0,6.0,24.0,0.9963,8.44,0.82,11.9,0,15.2,0,1,0,0,0,6.81464420551653
771,0.59,2.2,770.0,3.0,15.0,0.9994,8.2,0.78,9.6,0,20.0,0,1,0,0,0,5.465428061928463
772,0.37,15.4,2140.0,55.0,95.0,1.00369,8.18,0.77,9.0,0,20.4,0,1,0,1,0,5.060984678885928
773,0.0,1.7,520.0,3.0,8.0,0.996,8.41,0.47,10.3,0,14.0,0,1,0,1,0,4.7985499731573995
774,0.02,1.9,780.0,18.0,30.0,0.99712,8.4,0.75,9.8,0,13.8,1,0,1,1,0,5.186140538712748
775,0.19,5.2,940.0,19.0,98.0,0.99713,8.16,0.52,9.6,0,14.8,0,0,1,1,0,5.227631562590404
776,0.0,2.1,600.0,6.0,13.0,0.99664,8.59,0.61,10.0,0,12.4,0,0,1,1,0,5.163615619881601
777,0.08,2.3,670.0,19.0,32.0,0.99648,8.52,0.57,11.0,0,13.4,0,0,0,0,1,5.521248775985955
778,0.5,13.8,2050.0,48.0,82.0,1.00242,8.16,0.75,8.8,0,19.8,0,1,0,1,0,5.1614082567700335
